non_active,participants_boy,active,plan_name,state,ein,pn
138942,214140,75198,THE RAILROAD EMPLOYEES NATIONAL HEALTH AND WELFARE PLAN,VA,800616625,501
73193,108690,35497,THE SMART-TD HEALTH & WELFARE PLAN,VA,800616629,510
39673,156501,116828,1199SEIU NATIONAL BENEFIT FUND FOR HEALTH & HUMAN SERVICE EMPLOYEES,NY,131628401,501
26375,72902,46527,MOTION PICTURE INDUSTRY HEALTH PLAN,CA,956042583,501
17822,35588,17766,HEALTH REIMBURSEMENT ACCOUNT PLAN OF THE ELECTRICAL INDUSTRY,NY,562489386,513
17437,19526,2089,UNITED MINE WORKERS OF AMERICA 1993 BENEFIT PLAN,DC,521888497,501
17340,17340,0,ST. LOUIS-KANSAS CITY CARPENTERS REGIONAL HEALTH PLAN,MO,431622970,501
15806,15806,0,NORTHWEST CARPENTERS HEALTH AND SECURITY PLAN,CA,916029049,501
15706,15706,0,IN/KY/OH RGNL COUNCIL OF CARPENTERS WELFARE FUND,MI,356042362,501
15688,54553,38865,UNITED FOOD AND COMMERCIAL WORKERS UNIONS AND FOOD EMPLOYERS BENEFIT FUND,CA,952301788,501
14465,14465,0,"CENTRAL STATES, SOUTHEAST & SOUTHWEST AREAS HEALTH AND WELFARE PLAN RETIREE PLAN",IL,362154936,503
14277,22606,8329,BAKERY & CONFECTIONERY UNION & INDUSTRY INTERNATIONAL HEALTH BENEFITS FUND,MD,530227042,501
13971,21097,7126,G.M.P. - EMPLOYERS RETIREE TRUST,FL,236411794,501
13661,13661,0,UEBT RETIREE HEALTH PLAN,CA,946078804,501
12525,38727,26202,NATIONAL ELEVATOR INDUSTRY HEALTH BENEFIT PLAN,PA,232790911,501
11793,28135,16342,AMALGAMATED NATIONAL HEALTH FUND,NY,274411485,501
11740,13320,1580,88 PLAN,MD,113805565,501
11278,11278,0,NON-VESTED FORMER PLAYER WELLNESS BENEFIT PLAN,NY,133077470,503
11035,34925,23890,MILA NATIONAL HEALTH PLAN,NY,133968546,501
10820,10820,0,NFL FORMER PLAYER LIFE IMPROVEMENT PLAN,NY,133077470,502
10350,34095,23745,SAG-AFTRA HEALTH PLAN,CA,952110997,501
9363,11941,2578,GENE UPSHAW NFL PLAYER HEALTH REIMBURSEMENT ACCOUNT PLAN,MD,113805568,501
9268,25159,15891,ILWU-PMA WELFARE PLAN,CA,946068578,501
8869,24051,15182,"PENSION, HOSPITALIZATION & BENEFIT PLAN OF THE ELECTRICAL INDUSTRY - WELFARE ACCOUNT",NY,130891045,505
8739,14739,6000,HEALTH PROFESSIONALS AND ALLIED EMPLOYEES AFT/AFL- RETIREE MEDICAL TRUST,NJ,686254830,501
8570,59791,51221,STEELWORKERS HEALTH AND WELFARE FUND,PA,231317409,501
8468,8468,0,NFL DEDICATED HOSPITAL NETWORK,NY,133077470,504
8378,8378,0,MIDWEST OPERATING ENGINEERS RETIREE WELFARE PLAN,IL,371752023,502
8059,9928,1869,MAJOR LEAGUE BASEBALL PLAYERS WELFARE PLAN,MD,136058836,501
7227,7227,0,SHEET METAL WORKERS LOCAL 105 HEALTH REIMBURSEMENT PLAN,CA,330490874,501
7119,18947,11828,NEW YORK CITY DISTRICT COUNCIL OF CARPENTERS WELFARE FUND,NY,135615576,501
7012,18830,11818,TEAMSTERS BENEFIT TRUST,CA,942848389,501
6672,10214,3542,TEAMSTERS LOCAL 639 - EMPLOYERS PENSION TRUST FUND,DC,530237142,001
6130,24761,18631,CARPENTERS HEALTH AND WELFARE TRUST FUND FOR CALIFORNIA,CA,941234856,501
6071,17413,11342,EASTERN ATLANTIC STATES CARPENTERS HEALTH FUND,PA,226032181,501
5976,5976,0,CHICAGO & VICINITY LABORERS' DISTRICT COUNCIL RETIREE HEALTH & WELFARE PLAN,IL,465243652,501
5832,19193,13361,RETIREE'S WELFARE TRUST,WA,916065367,501
5372,5456,84,U.F.C.W. LOCAL 1529 & CONTRIB EMPLOYERS H&W,TN,620978539,501
5128,21568,16440,NATIONAL AUTOMATIC SPRINKLER INDUSTRY WELFARE FUND,MD,530215881,501
5085,11238,6153,TRI STATE JOINT FUND,CT,060850110,501
5038,18013,12975,1199SEIU NATIONAL BENEFIT FUND FOR HOME CARE EMPLOYEES,NY,134129368,501
4965,5593,628,SIDNEY HILLMAN HEALTH CENTER,NY,160864443,501
4823,4823,0,TEAMSTERS WESTERN REGION AND NEW JERSEY HEALTH CARE FUND RETIREE PLAN,AZ,866052021,502
4570,4570,0,HANFORD RETIREE WELFARE BENEFIT PLAN,WA,912017261,551
4539,23396,18857,N. ATLANTIC STATES CARP. HEALTH BENEFITS FUND,MA,046374357,501
4516,13328,8812,BOILERMAKERS NATIONAL HEALTH & WELFARE FUND,MO,366090694,501
4471,52816,48345,HEARTLAND HEALTH AND WELLNESS FUND,OH,316173363,501
4464,4464,0,UNITED MINE WORKERS OF AMERICA 1992 BENEFIT PLAN,DC,521805437,501
4407,129391,124984,BUILDING SERVICE 32BJ HEALTH FUND,NY,132928869,501
4379,17019,12640,OPERATING ENGINEERS HEALTH AND WELFARE FUND,CA,956034886,501
4186,9396,5210,NCR CORPORATION GROUP BENEFITS FOR ACTIVE ASSOCIATES,GA,310387920,502
4078,15277,11199,CARPENTERS & JOINERS WELFARE FUND,MN,416024791,501
3974,19492,15518,IAFF MEDICAL EXPENSE REIMBURSEMENT PLAN OF THE WASHINGTON STATE COUNCIL OF FIRE FIGHTERS EMPLOYEE BENEFIT TRUST,WA,910729677,501
3925,9506,5581,DIVISION 1181 ATU - NEW YORK WELFARE FUND,NY,237255573,503
3869,10614,6745,"PIPE FITTERS WELFARE FUND, LOCAL 597",IL,362141703,501
3866,3866,0,THE RAILROAD EMPLOYEES NATIONAL EARLY RETIREMENT MAJOR MEDICAL BENEFIT PLAN,VA,521036399,506
3777,4800,1023,TEAMSTERS AND EMPLOYERS WELFARE TRUST OF ILLINOIS,MO,366441012,501
3743,8934,5191,TEAMSTERS AND FOOD EMPLOYERS SECURITY TRUST FUND,CA,956048844,501
3728,8059,4331,NYSA-ILA WELFARE FUND AND PLAN,NJ,135638505,501
3652,10793,7141,ELECTRICAL INSURANCE TRUSTEES INSURANCE FUND FOR ELECTRICAL CONTRACTORS,IL,361033970,501
3647,10137,6490,SAN FRANCISCO CULINARY BARTENDERS & SERVICE EMPLOYEES WELFARE FUND,CA,941645611,501
3539,3539,0,OPERATING ENGINEERS LOCAL 139 HEALTH BEN FUND MEDICARE PREFERRED(PPO) WITH SENIOR RX PLUS PLAN,WI,237166771,502
3491,25226,21735,LABORERS HEALTH AND WELFARE TRUST FUND FOR NORTHERN CALIFORNIA,CA,941235152,501
3447,14167,10720,OPERATING ENGINEERS #49 HEALTH AND WELFARE FUND,MN,237015120,501
3372,12202,8830,FELRA AND UFCW VEBA FUND,MD,521036978,501
3356,5755,2399,TEAMSTERS MEDICARE TRUST FOR RETIRED EMPLOYEES,MO,436196082,501
3322,11872,8550,CALIFORNIA IRONWORKERS FIELD WELFARE PLAN,CA,956042868,501
3203,3203,0,INTERNAT'L UNION OF OPERATING ENGINEERS AND PIPELINE EMPLOYERS HEALTH & WELFARE FUND,IL,237134462,501
3120,10542,7422,OPERATING ENGINEERS LOCAL 139 HEALTH BENEFIT FUND,WI,237166771,599
3075,13389,10314,OHIO OPERATING ENGINEERS HEALTH AND WELFARE PLAN,OH,314446857,501
3023,12044,9021,WRITERS' GUILD - INDUSTRY HEALTH FUND,CA,237108536,501
2977,11073,8096,OPERATING ENGINEERS' LOCAL 324 HEALTH CARE PLAN,MI,381940673,501
2899,17927,15028,OLDC-OHIO CONTRACTORS ASSOCIATION INSURANCE FUND,OH,316052984,501
2881,2881,0,REPUBLIC RETIREE VEBA MEDICAL PLAN,PA,020642820,501
2824,6914,4090,CLEVELAND BAKERS AND TEAMSTERS HEALTH AND WELFARE FUND,OH,340753693,501
2666,11797,9131,OREGON TEAMSTER EMPLOYERS TRUST,OR,936021475,501
2666,9796,7130,HEAVY & GENERAL LABORERS' LOCAL 472 & LOCAL 172 OF NJ- WELFARE FUND,NJ,221481564,501
2581,2581,0,"RETIREE MEDICAL PLAN OF THE PLUMBERS' WELFARE FUND LOCAL 130, U.A.",IL,364026252,503
2547,2547,0,UNITED MINE WORKERS OF AMERICA COMBINED BENEFIT FUND,DC,521805433,501
2528,11602,9074,LOCALS 302 & 612 INTL UNION OF OPERATING ENGINEERS CONST. IND. HEALTH AND SECURITY PLAN,WA,916028570,501
2527,7705,5178,PIPE TRADES SERVICES MN WELFARE FUND,MN,410761972,501
2393,5892,3499,SHEET METAL WORKERS LOCAL 104 HEALTH CARE PLAN,CA,942541328,501
2385,4593,2208,THE STEAMFITTERS INDUSTRY WELFARE FUND,NY,131545680,502
2353,9584,7231,DIRECTORS GUILD OF AMERICA - PRODUCER HEALTH PLAN,CA,237067289,501
2335,228415,226080,"CENTRAL STATES, SOUTHEAST & SOUTHWEST AREAS HEALTH AND WELFARE PLAN ACTIVE PLAN",IL,362154936,501
2298,8774,6476,SOUTHERN CALIFORNIA DRUG BENEFIT FUND,CA,956474516,501
2271,12858,10587,MINNESOTA LABORERS HEALTH AND WELFARE FUND,MN,416187750,501
2269,5338,3069,LOS ANGELES COUNTY FIRE FIGHTERS LOCAL 1014 HEALTH AND WELFARE PLAN,CA,953846186,501
2157,7894,5737,MID CENTRAL OPERATING ENGINEERS HEALTH AND WELFARE FUND,IN,350917610,501
2154,2154,0,SOUTHEASTERN CARPENTERS AND MILLWRIGHTS HEALTH PLAN,TN,586066597,501
2076,4384,2308,WESTERN TEAMSTERS WELFARE TRUST,CA,916033601,501
2073,4173,2100,JOINT BENEFIT TRUST,CA,946284253,501
2053,4910,2857,NFL PLAYER INSURANCE PLAN,NY,133077470,501
2007,2007,0,UFCW LOCAL 400 & EMPLOYERS HEALTH & WELFARE FUND,WV,550393244,501
1995,1995,0,SOUTHERN CALIFORNIA PIPE TRADES PENSIONERS & SURVIVING SPOUSES HEALTH FUND,CA,274271742,501
1985,5850,3865,ELECTRICAL WORKERS' INSURANCE FUND,MI,381393235,503
1951,18942,16991,OPERATING ENGINEERS HEALTH AND WELFARE TRUST FUND,CA,942784001,501
1949,10032,8083,NW LABORERS-EMPLOYERS H & S TRUST FUND,WA,911283260,501
1937,18942,17005,1199 SEIU GREATER NEW YORK BENEFIT FUND,NY,136125570,501
1928,9911,7983,MASON TENDERS' DISTRICT COUNCIL WELFARE FUND,NY,135537605,501
1921,5245,3324,TEAMSTERS LOCAL 639 - EMPLOYERS HEALTH TRUST FUND,DC,530209136,501
1910,1910,0,HEARTLAND HEALTHCARE FUND,MN,020656066,501
1859,3780,1921,SHEET METAL WORKERS LOCAL 73 WELFARE FUND,IL,362145881,501
1844,7066,5222,4TH DISTRICT IBEW HEALTH FUND,WV,316068797,501
1820,7094,5274,PIPE TRADES SERVICES MN RETIREE HEALTH FUND,MN,161657260,502
1765,6037,4272,NORTH CENTRAL STATES REGIONAL COUNCIL OF CARPENTERS HEALTH FUND,WI,396069788,501
1763,15749,13986,TEAMSTERS MISCELLANEOUS SECURITY FUND,CA,956060502,508
1748,8056,6308,"LOCAL 103, I.B.E.W. HEALTH BENEFIT PLAN",MA,046063733,501
1748,5395,3647,SAN DIEGO COUNTY PUBLIC SAFETY RETIREE MEDICAL TRUST,WA,464728761,501
1734,3968,2234,MILWAUKEE DRIVERS HEALTH & WELFARE FUND,WI,396048358,501
1689,2765,1076,USW HRA FUND,TN,621548543,501
1679,4754,3075,AMERICAN MARITIME OFFICERS MEDICAL PLAN,FL,135600786,501
1659,1659,0,CARPENTERS HEALTH FUND OF WEST VIRGINIA,WV,550621800,501
1617,14299,12682,NECA-IBEW WELFARE TRUST FUND,IL,370738564,501
1607,2136,529,NBA PLAYERS' HEALTH AND WELFARE BENEFIT PLAN,VA,201260597,501
1603,4521,2918,PLUMBERS' & PIPEFITTERS' WELFARE EDUCATIONAL FUND,MO,430657966,501
1598,6418,4820,EXCAVATORS UNION LOCAL 731 WELFARE FUND,NY,131615440,501
1594,4546,2952,CEMENT MASONS SOUTHERN CALIFORNIA HEALTH AND WELFARE FUND,CA,956042883,501
1579,5146,3567,MARITIME ASSOCIATION - I.L.A. WELFARE FUND,TX,741721447,501
1573,3487,1914,"IRON WORKERS LOCALS 40, 361 & 417 HEALTH FUND",NY,135622663,501
1565,4421,2856,STEAMFITTERS LOCAL UNION NO. 420 WELFARE PLAN,PA,232715454,501
1539,17799,16260,NORTHERN NEW ENGLAND BENEFIT TRUST DBA ALLEGIANT CARE,NH,026015031,501
1509,2796,1287,BENEFIT FUND FOR HOSPITAL AND HEALTH CARE EMPLOYEES PHILADELPHIA AND VICINITY,PA,232627429,501
1509,1509,0,XEROX MEDICAL CARE PLAN FOR RETIRED EMPLOYEES,CT,160468020,511
1499,3408,1909,THE TOPPING OUT FUND OF THE IRON WORKERS LOCALS 40 361 & 417,NY,133156507,501
1485,5100,3615,IRON WORKERS DISTRICT COUNCIL OF SO OH & VICINITY BENEFIT TRUST,OH,310557391,501
1483,7626,6143,SOUTHERN CALIFORNIA IBEW-NECA HEALTH TRUST FUND,CA,956140101,501
1469,5343,3874,MM&P HEALTH AND BENEFIT PLAN,MD,136696938,501
1464,3937,2473,IBEW LOCAL NO 102 WELFARE FUND,NJ,226487222,501
1382,9285,7903,HARRISON ELECTRICAL WORKERS TRUST FUND,OR,936023048,501
1382,6950,5568,MICHIGAN LABORERS' HEALTH CARE FUND,MI,386058384,501
1363,10802,9439,INDIANA LABORERS WELFARE FUND,IN,350923209,501
1333,1333,0,FLORIDA UBC HEALTH FUND,TN,596134278,501
1330,3940,2610,CONNECTICUT LABORERS' HEALTH FUND,CT,060960814,501
1326,3426,2100,MID-ATLANTIC REGIONAL COUNCIL OF CARPENTERS HEALTH FUND,MD,526051383,501
1304,3178,1874,MEBA MEDICAL AND BENEFITS PLAN,MD,135590515,501
1302,1302,0,NORTHERN NEVADA OPERATING ENGINEERS HEALTH AND WEL,NV,886031750,501
1299,6631,5332,"HEALTH & BENEFIT TRUST FUND OF THE I.U.O.E. LOCAL 94, 94A, 94B, AFL-CIO",NY,136674743,501
1282,4843,3561,IBEW 292 HEALTH CARE PLAN,MN,411384754,501
1271,4417,3146,SUBURBAN TEAMSTERS OF NORTHERN ILLINOIS WELFARE FUND,IL,366158494,501
1266,3098,1832,ALASKA LABORERS HEALTH AND SECURITY PLAN,WA,916028565,501
1262,3308,2046,SHEET METAL WORKERS HEALTH FUND OF LOCAL UNION NO. 19,PA,231324693,501
1261,1798,537,PLUMBERS & STEAMFITTERS LOCAL 60 HEALTH & WELFARE FUND,LA,720450650,501
1253,4225,2972,INSULATORS AND ALLIED WORKERS NATIONAL MEDICAL FUND,FL,526038498,501
1242,2783,1541,LOCAL 443 TRANSPORTATION HEALTH SERVICE & INSURANCE PLAN,CT,060942913,501
1235,6155,4920,TEAMSTERS LOCAL UNION NO. 856 HEALTH AND WELFARE FUND,WA,946123582,501
1232,3999,2767,THE BLEDSOE HEALTH TRUST,WA,930478837,501
1224,7994,6770,TEAMSTERS UNION 25 HEALTH SERVICES & INSURANCE PLA,MA,046374631,501
1203,4696,3493,INTERNATIONAL UNION OF OPERATING ENGINEERS WELFARE FUND OF EASTERN PENNSYLVANIA AND DELAWARE,PA,231402245,501
1200,8845,7645,SEAFARERS HEALTH AND BENEFITS PLAN,MD,135557534,501
1191,3257,2066,DISTRICT COUNCIL 37 CULTURAL INSTITUTIONS HEALTH & SECURITY PLAN TRUST,NY,133075750,501
1191,1191,0,PIPEFITTERS LOCAL NO. 636 RETIREE INSURANCE FUND,MI,376468197,501
1186,3736,2550,IUOE LOCAL NO. 478 HEALTH BENEFITS FUND,CT,060662089,501
1179,4273,3094,SHEET METAL #10 BENEFIT FUND,MN,410871191,501
1170,7954,6784,WISCONSIN LABORERS HEALTH FUND,WI,237009055,501
1163,7781,6618,MICHIGAN REGIONAL COUNCIL OF CARPENTERS' EMPLOYEE BENEFITS FUND,MI,383508105,501
1158,4561,3403,OPERATING ENGINEERS LOCAL 101 HEALTH AND WELFARE PLAN,MO,440663379,501
1158,3449,2291,JOINT WELFARE FUND OF LOCAL UNION 164 IBEW,NJ,221537766,501
1156,1156,0,RETIREE PLAN OF THE IUOE LOCAL 15 WELFARE FUND,NY,136694320,502
1152,1152,0,WV-OH SUPPLEMENTAL HEALTH PLAN,WV,300002072,501
1150,1150,0,UFCW LOCAL ONE RETIREE HEALTH CARE FUND,NY,160915820,502
1142,22266,21124,NORTHERN CALIFORNIA GENERAL TEAMSTERS SECURITY FUND,CA,946073033,501
1136,4063,2927,WELFARE FUND OF ENGINEERS LOCAL 513,MO,436071748,501
1136,1966,830,"TEAMSTERS MULTI-BENEFIT TRUST 1200 WILSHIRE BLVD 5TH FLOOR LOS ANGELES, CA 90017",CA,936231741,501
1126,3613,2487,PIPE TRADES INDUSTRY HEALTH AND WELFARE PLAN,IN,351063466,501
1126,1126,0,NORTHERN NEVADA LABORERS HEALTH AND WELFARE TRUST FUND,NV,886031748,501
1122,1122,0,RECYCLING & GENERAL INDUSTRIAL UNION LOCAL 108,NJ,135605495,501
1110,9494,8384,UFCW NATIONAL HEALTH AND WELFARE FUND,NJ,221458594,501
1105,1105,0,"WINE, LIQUOR & DISTILLERY WORKERS UNION LOCAL 1-D, MAJOR MEDICAL PLAN",NY,131973409,501
1098,3612,2514,LOCAL 812 HEALTH FUND,NY,136162404,502
1095,4754,3659,ELECTRICAL WORKERS HEALTH AND WELFARE PLAN,NV,886002904,502
1088,41763,40675,NECA/IBEW FAMILY MEDICAL CARE TRUST FUND,MD,753198514,501
1077,6928,5851,DISTRICT COUNCIL 16 NORTHERN CALIFORNIA HEALTH & WELFARE TRUST FUND,CA,412261950,501
1077,3331,2254,IBEW LOCAL 332 HEALTH AND WELFARE PLAN,CA,946401540,509
1066,2023,957,MED EXP REIMB PLAN OF THE CENTRAL VALLEY RETIREE MEDICAL TRUST,CA,942900060,501
1057,16340,15283,INTERNATIONAL BROTHERHOOD OF TRADE UNIONS LOCAL 713 HEALTH & WELFARE FUND,NY,116490308,501
1051,1790,739,PAINTERS UNION INSURANCE FUND,MI,381428364,501
1050,2274,1224,IBEW LOCAL 701 WELFARE FUND,IL,362951116,501
1042,6123,5081,"SHEET METAL WORKERS' HEALTH PLAN OF SOUTHERN CALIFORNIA, ARIZONA AND NEVADA",CA,956052259,501
1026,6590,5564,PUGET SOUND ELECTRICAL WORKERS HEALTHCARE TRUST,WA,916029124,501
1025,1201,176,BRICKLAYERS & MASONS LOCAL NO 6 HEALTH & WELFARE PLAN,OH,237331101,501
1020,7059,6039,UFCW LOCAL 1776 & PARTICIPATING EMPLOYERS HEALTH & WELFARE FUND,PA,232949242,501
1019,2986,1967,IBT LOCAL 191 HEALTH SERVICE & INSURANCE PLAN,CT,060689974,501
1018,4655,3637,OPERATING ENGINEERS LOCAL 66 WELFARE FUND,PA,251187299,501
1005,3177,2172,LOCAL 298 HEALTH BENEFIT FUND I,NY,111967404,501
981,6506,5525,AUTOMOBILE MECHANICS' LOCAL 701 UNION AND INDUSTRY WELFARE FUND,IL,362331071,501
976,5269,4293,IBEW LOCAL NO. 1 HEALTH & WELFARE FUND,MO,430678755,501
973,3261,2288,NORTHERN CALIFORNIA PIPE TRADES HEALTH AND WELFARE PLAN,CA,943183274,501
968,968,0,UBC HEALTHCARE TRUST FUND,TN,237331128,501
957,1296,339,IBEW LOCAL UNION 575 RETIREE HEALTH BENEFIT PLAN A,WV,311444185,501
946,2669,1723,STEAMFITTERS LOCAL #449 MEDICAL & BENEFIT FUND,PA,256032450,501
923,37035,36112,I.A.T.S.E. NATIONAL HEALTH & WELFARE FUND,NY,237333434,501
918,2278,1360,ADMINISTRATIVE DISTRICT COUNCIL 1 WELFARE FUND,IL,362150067,501
916,4002,3086,HANFORD EMPLOYEE WELFARE TRUST,WA,912017261,550
914,2054,1140,MEDICAL EXPENSE REIMBURSEMENT PLAN OF THE BURBANK EMPLOYEES RETIREE MEDICAL TRUST,CA,016231970,501
914,1909,995,AFL-CIO HEALTH & WELFARE PLAN,DC,386847980,501
904,2268,1364,ELECTRICAL WORKERS HEALTH AND WELFARE TRUST FUND FOR SAN FRANCISCO,CA,946061762,501
901,3124,2223,HRSA-ILA WELFARE FUND,VA,540489826,501
888,3545,2657,LOCAL 282 WELFARE TRUST FUND,NY,116244552,501
888,3433,2545,SEATTLE AREA PLUMBING & PIPEFITTING INDUSTRY HEALTH TRUST,WA,910838639,501
880,2133,1253,MINNESOTA & NORTH DAKOTA BRICKLAYERS AND ALLIED CRAFTWORKERS HEALTH FUND,MN,416023461,501
875,875,0,ROCKY MOUNTAIN UFCW UNIONS & EMPLOYERS HEALTH BENEFIT PLAN - RETIREES,CO,846044454,502
868,24404,23536,NEW YORK HOTEL TRADES COUNCIL AND HOTEL ASSOCIATION OF NYC INC HEALTH BENEFITS FUND,NY,136126923,501
861,2464,1603,BAY AREA DELIVERY DRIVERS SECURITY FUND,CA,946072965,501
857,3167,2310,ST. PAUL ELECTRICAL WORKERS' HEALTH PLAN,MN,411365924,501
848,3567,2719,EAST BAY DRAYAGE DRIVERS SECURITY FUND,CA,946073020,501
830,3446,2616,PLUMBERS LOCAL UNION NO 1 - WELFARE FUND,NY,111538293,503
826,3354,2528,ROBERT F KENNEDY FARM WORKERS MEDICAL PLAN,CA,946186170,501
819,3684,2865,NORTHWEST IRONWORKERS HEALTH AND SECURITY PLAN,WA,916068079,501
816,4886,4070,NEW ENGLAND ELECTRICAL WORKERS BENEFITS FUND,CT,060860627,501
812,2433,1621,"STEAMSHIP TRADE ASSOCIATION OF BALTIMORE, INCORPORATED-INTERNATIONAL LONGSHOREMEN'S ASSOCIATION BENEFITS TRUST FUND",MD,520575721,501
805,1568,763,CEMENT AND CONCRETE WORKERS DC WELFARE FUND,NY,135542693,501
804,2239,1435,WATERFRONT EMPLOYERS-I.L.A. WELFARE PLAN,SC,570381219,501
804,1622,818,PIPE FITTERS LOCAL UNION NO. 120 INSURANCE FUND,OH,340747441,501
800,4517,3717,"U.A. UNION LOCAL NO. 290 PLUMBER, STEAMFITTER AND SHIPFITTER INDUSTRY HEALTH AND WELFARE PLAN",OR,936021113,501
800,4517,3717,"U.A. UNION LO. NO. 290 PLUMBER, STEAMFITTER AND SHIPFITTER INDUSTRY RETIREE HEALTH AND WELFARE PLAN",OR,931143759,502
797,3726,2929,ALASKA ELECTRICAL HEALTH AND WELFARE FUND,AK,926001972,502
794,2529,1735,LOCAL 351 IBEW WELFARE FUND,NJ,223235800,501
794,2529,1735,IBEW LOCAL UNION NO 351 WELFARE AND SUPPLEMENTAL FUND,NJ,454955344,501
784,1737,953,PLUMBERS AND PIPEFITTERS LOCAL 520 HEALTH AND WELFARE FUND,MI,236280075,501
784,1323,539,LOCAL 817 IBT WELFARE FUND,NY,136210566,501
778,2863,2085,WELFARE FUND OF LOCAL NO. ONE I.A.T.S.E.,NY,136174166,501
778,2147,1369,OPERATING ENGINEERS LOCAL #234 HEALTH AND WELFARE TRUST FUND,IA,510141783,501
777,3363,2586,"INTL UNION OF OPERATING ENGRS LOCAL UNIONS 181, 320 WELFARE TRUST FUND",KY,237003337,501
773,773,0,RETIREE PLAN OF THE NEW JERSEY BUILDING LABORERS STATEWIDE WELFARE FUND,NJ,221764453,502
770,2927,2157,INTERNATIONAL LONGSHOREMENS ASSOCIATION AFL-CIO EMPLOYERS WELFARE FUND,FL,590832169,501
769,5724,4955,LOCAL 804 WELFARE TRUST FUND,NY,111637886,501
769,5640,4871,PAINTING INDUSTRY INSURANCE FUND,NY,135600369,501
768,768,0,LABORERS & OPERATING ENGINEERS UTILITY AGREEMENT HEALTH & WELFARE TRUST FUND,AZ,860576428,501
758,2410,1652,IBEW LOCAL 25 HEALTH & BENEFIT FUND,NY,111630810,501
758,758,0,ALASKA CARPENTERS HEALTH & WELFARE TRUST FUND,CA,926002106,501
757,4009,3252,SHEET METAL WORKERS LOCAL UNION NO 20 WELFARE AND,IN,356028684,501
754,2680,1926,IRON WORKERS ST. LOUIS DISTRICT COUNCIL WELFARE PLAN,MO,430684998,501
752,2557,1805,TOLEDO ELECTRICAL WELFARE FUND,OH,344441661,501
750,1912,1162,UGSOA HEALTH AND WELFARE TRUST FUND,MA,824038622,501
737,2217,1480,LOCAL 580 INSURANCE FUND,NY,136178513,501
727,1313,586,TEAMSTERS HEALTH SERVICES & INSURANCE PLAN LOCAL 404,MA,042589472,501
726,2680,1954,SHEET METAL WORKERS LOCAL UNION NO. 28 WELFARE FUND,NY,135530847,501
719,5679,4960,NEW ENGLAND HEALTH CARE EMPLOYEES WELFARE PLAN,CT,061188411,501
719,2646,1927,I.B.E.W. LOCAL 38 HEALTH & WELFARE FUND,OH,346529234,501
717,1647,930,NATIONAL HOCKEY LEAGUE PLAYERS' HEALTH AND BENEFITS FUND,PA,020758876,502
705,705,0,EMPLOYER-TEAMSTERS LOCAL UNIONS 175 & 505 RETIREE HEALTH FUND,WV,464163407,501
701,1218,517,TRUCKING EMPLOYEES OF NORTH JERSEY WELFARE FUND,NJ,221461069,501
701,701,0,MUNICIPAL EMPLOYEE VEBA TRUST,IL,611751693,511
690,1281,591,UNITED ASSOCIATION LOCAL UNION NO. 322 HEALTH & WELFARE FUND,NJ,210699966,501
686,2115,1429,SHEET METAL WORKERS LOCAL UNION NO. 80 INSURANCE TRUST FUND,MI,237165969,502
684,1096,412,TEAMSTERS LOCAL 671A HEALTH SERVICE & INSURANCE PLAN,CT,060942914,501
671,671,0,UTAH-IDAHO TEAMSTERS RETIREES' TRUST,AZ,452137944,501
670,4293,3623,EMPLOYMENT PARTNERS BENEFITS FUND,PA,251000614,501
665,2759,2094,PIPELINE INDUSTRY BENEFIT FUND,OK,730742835,501
663,1978,1315,SMART LOCAL 265 WELFARE FUND,IL,362356062,501
657,2075,1418,FOX VALLEY LABORERS HEALTH & WELFARE FUND,IL,366219639,501
650,11800,11150,CHICAGO & VICINITY LABORERS' DISTRICT COUNCIL HEAL,IL,362151212,501
650,2447,1797,WEST VIRGINIA LABORERS' TRUST FUND,WV,550451207,501
650,2160,1510,EMPLOYEES SECURITY FUND OF THE ELEC IND HEALTH AND WELFARE PLAN,NY,136100908,501
647,1790,1143,LOCAL 295 I.B.T. EMPLOYER GROUP WELFARE FUND,NY,510243781,501
646,1382,736,INT'L ASSOCIATION OF HEAT AND FROST INSULATORS LOCAL 17 WELFARE FUND,IL,366600740,501
644,1102,458,CALIFORNIA TEACHERS ASSOCIATION EMPLOYEES HEALTH AND WELFARE BENEFITS TRUST,CA,946667029,501
642,4348,3706,MICHIGAN ELECTRICAL EMPLOYEES' HEALTH PLAN,MI,382106878,501
634,2692,2058,U.A. LOCAL NO. 393 HEALTH AND WELFARE PLAN,CA,946401544,501
633,3498,2865,GEORGIA STEVEDORE ASSOCIATION INTERNATIONAL LONGSHOREMEN'S ASSOCIATION WELFARE PLAN,GA,586034166,502
631,1728,1097,ALASKA UNITED FOOD AND COMMERCIAL WORKERS HEALTH AND WELFARE TRUST,OR,926003453,501
630,3002,2372,PIPEFITTERS UNION LOCAL NO. 537 HEALTH AND WELFARE FUND,MA,042167074,501
629,3386,2757,IBEW LOCAL 98 HEALTH & WELFARE PLAN,PA,232082042,501
625,1607,982,NECA IBEW # 176 HEALTH AND WELFARE FUND,IL,361264190,501
623,1523,900,PLUMBERS LOCAL UNION NO. 690 HEALTH PLAN,PA,231512313,501
615,615,0,HAWAII CARPENTERS NEW RETIREE MEDICAL PLAN,HI,466977221,502
609,1801,1192,IBEW LOCAL NO. 236 HEALTH & BENEFIT FUND,NY,141442159,501
607,4632,4025,TEAMSTERS LOCAL 631 SECURITY PLAN FOR SOUTHERN NEVADA,NV,880231734,501
606,606,0,MCTWF RETIREES PLAN,MI,381328578,502
604,4635,4031,TEAMSTERS JOINT COUNCIL NO. 83 OF VIRGINIA HEALTH,VA,540556299,501
604,2997,2393,UPSTATE NEW YORK ENGINEERS HEALTH FUND,NY,150582931,501
604,2000,1396,NORTHWESTERN OHIO PLUMBERS AND PIPEFITTERS HEALTH AND WELFARE PLAN AND TRUST,OH,344443218,501
598,5785,5187,HEATING PIPING AND REFRG. MED. FUND,MD,530207840,501
593,593,0,1978 RETIRED CONSTRUCTION WORKERS BENEFIT TRUST,WV,550583589,502
591,13366,12775,UNITED FOOD & COMMERCIAL WORKERS UNION EMPLOYER HEALTH & WELFARE FUND,OH,346726563,501
588,3088,2500,WISCONSIN SHEET METAL WORKERS HEALTH AND BENEFIT FUND,WI,351638874,501
584,2526,1942,TRUCK DRIVERS & HELPERS LOCAL UNION NO. 355 HEALTH & WELFARE PLAN,MD,520631160,501
583,1635,1052,ARCHITECTURAL IRONWORKERS LOCAL 63 WELFARE FUND,IL,363251688,501
583,583,0,IBEW LOCAL 613 & CONTRIBUTING EMPLOYERS RETIREE,GA,463415861,501
579,2100,1521,PLUMBERS UNION LOCAL NO. 12 WELFARE PLAN,MA,042157164,501
576,4847,4271,IAFF HEALTH & WELLNESS PLAN OF THE NORTHWEST FIRE FIGHTERS BENEFITS TRUST,WA,411416156,501
575,2296,1721,TEAMSTERS 206 EMPLOYERS PLAN,WA,936027865,501
575,2008,1433,TEAMSTERS LOCAL UNION NO. 671 HEALTH SERVICES AND INSURANCE PLAN,CT,060691728,501
570,2453,1883,WISCONSIN PIPE TRADES HEALTH FUND,WI,390852117,501
564,1549,985,"AUTOMATIC SPRINKLER LOCAL 281, U.A. WELFARE FUND",IL,362242666,501
560,12837,12277,LOCAL 464A-UNITED FOOD & COMMERCIAL WORKERS UNION WELFARE SERVICE BENEFIT FUND,NJ,221582446,501
559,584,25,"RRR BOWIE, LLC EMPLOYEE HEALTH BENEFIT PLAN",MD,541941330,503
557,6174,5617,CONSTRUCTION INDUSTRY LABORERS WELFARE FUND,MO,440568755,501
554,4371,3817,GREATER ST. LOUIS CONSTRUCTION LABORERS WELFARE FUND,MO,430688695,501
550,550,0,LOCAL UNION NO. 9 I.B.E.W. AND OUTSIDE CONTRACTORS HEALTH AND WELFARE RETIREE PLAN,IL,362261990,502
548,1207,659,PLUMBERS & PIPEFITTERS LOCAL 9 WELFARE PLAN,NJ,222212764,501
546,2018,1472,"PLUMBERS AND PIPEFITTERS UNION, LOCAL NO. 525 HEALTH AND WELFARE PLAN",NV,237283715,501
544,4479,3935,DAKOTAS AND WESTERN MN ELECTRICAL INDUSTRY HEALTH AND WELFARE FUND,ND,456038633,501
542,12511,11969,ELECTRICAL WELFARE TRUST FUND,MD,526038507,501
541,8662,8121,SERVICE EMPLOYEES BENEFIT FUND,NY,150613682,501
537,1351,814,U.A. PLUMBERS & STEAMFITTERS LOCAL 22 HEALTH FUND,NY,161561710,501
531,2357,1826,LABORERS' METROPOLITAN DETROIT HEALTH CARE FUND,MI,382026006,501
531,1379,848,STEVEDORE INDUSTRY COMMITTEE WELFARE BENEFIT PLAN,HI,990313967,501
526,1191,665,MASONS HEALTH & WELFARE PLAN,HI,996014747,501
519,3338,2819,"MISC DRIVERS AND HELPERS LOCAL #638 HEALTH, WELFARE, EYE AND DENTAL FUND",MN,416023675,501
516,4012,3496,IUOE LOCAL 4 HEALTH AND WELFARE FUND,MA,046040880,501
514,1210,696,IRON WORKERS LOCAL 395 TRUST FUND,IL,356327302,501
505,505,0,RETIRED MACHINISTS' HEALTH PLAN,CA,946130509,501
504,20828,20324,WASHINGTON TEAMSTERS WELFARE TRUST,WA,916034673,501
501,11818,11317,UFCW LOCAL 555-EMPLOYERS HEALTH TRUST,OR,237017278,501
501,3333,2832,UFCW TRI-STATE HEALTH & WELFARE FUND,NJ,236449794,501
501,2585,2084,SHEET METAL WORKERS LOCAL UNION NO. 17 INSURANCE FUND,MA,042088633,501
501,1311,810,CHICAGO GRAPHIC ARTS HEALTH AND WELFARE FUND,IL,362125291,501
494,2046,1552,CONNECTICUT PIPE TRADES HEALTH FUND,CT,060660430,501
493,1515,1022,BUILDING LABORERS LOCAL 310 HEALTH AND WELFARE FD,OH,346598327,501
490,2238,1748,AIRCONDITIONING AND REFRIGERATION INDUSTRY HEALTH AND WELFARE TRUST FUND,CA,956041105,501
482,1591,1109,PLUMBERS PIPEFITTERS LOCAL 25 WELFARE FUND,IL,362510895,501
479,5246,4767,"UFCW, LOCAL 1776KS, WESTERN DIVISION AND EMPLOYERS HEALTH FUND",PA,237083247,501
477,477,0,IRON WORKERS REGIONAL SHOP LOCAL 855 WELFARE TRUST,CA,946104154,501
473,24720,24247,UFCW AND PARTICIPATING EMPLOYERS NEW ENGLAND HEALTH FUND,CT,066069081,502
469,1862,1393,IBEW LOCAL 595 HEALTH & WELFARE TRUST,CA,946085740,501
468,5396,4928,CENTRAL PENNSYLVANIA TEAMSTERS HEALTH & WELFARE FUND,PA,236263170,501
468,2091,1623,BAC OF MICHIGAN HEALTH AND WELFARE FUND,MI,382073681,501
468,1365,897,EMPLOYERS & OPERATING ENGINEERS LOCAL 520 HEALTH & WELFARE FUND,IL,376046408,501
466,1316,850,PLUMBERS LOCAL NO 98 INSURANCE FUND,MI,386447251,501
464,1931,1467,PIPE FITTERS LOCAL NO. 533 HEALTH AND WELFARE PLAN,MO,440651452,501
462,2840,2378,MICHIGAN CARPENTERS' HEALTH CARE FUND,MI,386058383,501
459,459,0,CEMENT MASONS LOCAL NO. 502 RETIREE WELFARE FUND,IL,800967048,501
457,1347,890,INTERNATIONAL UNION OF OPERATING ENGINEERS LOCAL 14-14B WELFARE FD,NY,112392159,501
457,995,538,PENNSYLVANIA HEAVY AND HIGHWAY CONTRACTORS WELFARE FUND,PA,256295794,501
453,1185,732,ELECTRICAL WORKERS HEALTH & WELFARE TRUST FUND FOR CONTRA COSTA COUNTY,CA,946085741,501
453,1079,626,ROOFERS 149 SECURITY BENEFIT TRUST FUND,MI,382481614,501
452,1050,598,PLUMBERS LOCAL UNION NO 24 WELFARE FUND,NJ,226044230,501
448,1414,966,CONSTRUCTION INDUSTRY WELFARE FUND OF ROCKFORD IL,IL,362265130,501
447,447,0,UNITED MINE WORKERS OF AMERICA PREFUNDED BENEFIT PLAN,DC,261508254,501
442,863,421,STEAMFITTERS WELFARE FUND LOCAL UNION NO 475,NJ,221516999,501
439,2602,2163,IOWA LABORERS HEALTH AND WELFARE FUND,IA,420946060,501
439,1435,996,NORTHERN CALIFORNIA SHEET METAL WORKERS HEALTH CARE PLAN,CA,776113549,501
439,1413,974,LAKE COUNTY INDIANA NECA-IBEW HEALTH AND BENEFIT PLAN,IN,350911491,501
437,3090,2653,CEMENT MASONS HEALTH AND WELFARE TRUST FUND FOR NORTHERN CALIFORNIA,CA,941291152,501
437,1411,974,SAN MATEO ELECTRICAL WORKERS HEALTH PLAN,CA,946077924,501
435,1930,1495,LOCAL 670 WELFARE FUND,NY,132828665,501
430,2497,2067,LABORERS' DISTRICT COUNCIL BUILDING & CONSTRUCTION HEALTH & WELFARE FUND,PA,231575634,501
429,1985,1556,IRON WORKERS DIST. COUNCIL PHILADELPHIA & VICINITY HEALTH BENEFITS PLAN,NJ,231599740,501
429,1167,738,SHEET METAL WORKERS LOCAL 206 HEALTH BENEFIT TRUST,CA,454844178,501
421,788,367,NATIONAL ASSOCIATION OF LETTER CARRIERS HEALTH BENEFIT PLAN FOR EMPLOYEES AND STAFF,VA,541875242,501
420,2059,1639,"PLUMBERS, PIPE FITTERS AND MECHANICAL EQUIPMENT SERVICE LOCAL UNION NO 392 HEALTH AND WELFARE PLAN",OH,310561070,501
419,1974,1555,LOCAL 522 WELFARE FUND OF NEW YORK AND NEW JERSEY,NY,112409162,501
410,1144,734,SHEET METAL WORKERS LOCAL UNION 88 RETIREE HEALTH,NV,522445383,501
409,1209,800,ELECTRICAL WORKERS LOCAL UNION NO. 86 INSURANCE FUND,NY,160778220,501
408,2405,1997,"SHEET METAL WORKERS' LOCAL UNION NO. 100 WASHINGTON, DC AREA HEALTH BENEFIT PLAN",OR,526038494,501
408,650,242,"MOUNT FRANKLIN FOODS, LLC",TX,205989921,501
407,8208,7801,UWUA NATIONAL HEALTH AND WELFARE FUND,MN,200027580,501
407,1126,719,ELECTRICAL WORKERS HEALTH AND WELFARE FUND,MN,416024782,501
405,1028,623,PLUMBERS WELFARE FUND,PA,256034931,501
402,2829,2427,CHICAGO PAINTERS AND DECORATORS WELFARE FUND,IL,510245220,501
402,887,485,OCU HEALTH AND WELFARE TRUST,CA,261574455,501
401,2598,2197,PLUMBERS & PIPEFITTERS LOCALS 502 & 633 HEALTH & W,MI,610655187,501
401,1392,991,SHEET METAL WORKERS LOCAL NO. 12 WELFARE FUND,PA,250994888,501
400,400,0,SHEET METAL WORKERS LOCAL NO 63 HEALTH AND WELFARE FUND,MA,046116422,501
399,1388,989,SEATTLE FIRE FIGHTERS HEALTHCARE PLAN,WA,912147185,501
398,1380,982,IRON WORKERS LOCAL 8 WELFARE FUND,IL,390855190,501
396,1114,718,U.A. LOCAL UNION 85 HEALTH & WELFARE FUND,MI,381525304,501
395,3765,3370,WESTERN ALLIANCE TRUST FUND,CA,956981657,501
393,1899,1506,TWIN CITY IRONWORKERS HEALTH & WELFARE FUND,MN,416023463,501
389,3879,3490,SECURITY POLICE FIRE PROFESSIONALS OF AMERICA AND PARTICIPATING EMPLOYERS HEALTH AND WELFARE PLAN,MI,381294556,501
388,388,0,"WAREHOUSEMEN, DRIVERS AND HELPERS BENEFIT ASSOCIAT",MN,410736525,501
385,756,371,SHEET METAL WORKERS LOCAL UNION NO 25 NEW JERSEY WELFARE FUND,NJ,222586287,501
382,1075,693,SOUTHERN OHIO PAINTERS HEALTH & WELFARE FUND,IL,311063422,501
381,1239,858,UNITED ASSOCIATION LOCAL NO. 7 WELFARE FUND,NY,146029930,501
381,381,0,UA LOCAL 190 MEDICARE RETIREE HEALTH & WELFARE PLAN,MI,474017809,505
380,2148,1768,IRON WORKERS DISTRICT COUNCIL OF NEW ENGLAND HEALTH AND WELFARE FUND,MA,042163872,501
379,1058,679,IBEW LOCAL UNION 375 ELECTRICIANS' WELFARE FUND,PA,236424575,501
379,742,363,HEAT AND FROST INSULATORS ST. LOUIS WELFARE FUND,MO,436158894,501
377,1022,645,PLUMBERS & STEAMFITTERS LOCAL 21 WELFARE FUND,NY,134017983,501
376,679,303,JOURNEYMEN OF PLUMBING & PIPEFITTING INDUSTRY WELFARE FUND LOCAL 274,NJ,221530864,501
375,936,561,PLUMBERS & PIPEFITTERS LU NO 74 WELFARE FUND,DE,516174595,501
374,1088,714,UNITED ASSOCIATION OF JOURNEYMEN & APPRENTICES HEALTH WELFARE,FL,720522454,501
372,1072,700,UFCW UNIONS AND PARTICIPATING EMPLOYERS HEALTH AND WELFARE FUND,MD,526044428,502
372,812,440,HAWAII SHEET METAL WORKERS HEALTH & WELFARE TRUST,HI,996006418,501
371,3600,3229,IBEW LOCAL 1249 INSURANCE FUND,NY,156025162,501
371,967,596,TWU-WESTCHESTER PBL HEALTH BENEFIT TRUST,NY,136601635,501
370,1600,1230,OPERATING ENGINEERS TRUST FUND OF WASHINGTON D.C. AND VICINITY,MD,526038508,501
370,822,452,ASBESTOS WORKERS PHILADELPHIA WELFARE FUND,PA,237097998,501
369,538,169,RHG CONSOLIDATED LLC WELFARE BENEFIT PLAN,MO,822365346,501
368,2245,1877,UNION CONSTRUCTION WORKERS HEALTH PLAN,OH,344442536,501
366,1944,1578,PAMCAH-UA LOCAL 675 HEALTH AND WELFARE PLAN,HI,996009435,501
365,2343,1978,BAY AREA AUTOMOTIVE GROUP WELFARE FUND,CA,946072964,501
363,4063,3700,"RESOURCE MANAGEMENT, INC. WELFARE BENEFIT PLAN",UT,870499948,505
363,2248,1885,SHEET METAL WORKERS 16 HEALTH TRUST,OR,930757655,501
363,1192,829,TEAMSTERS LOCAL 493 HEALTH SERVICE & INSURANCE PLAN,CT,060942903,501
361,2751,2390,MARYLAND ELECTRICAL INDUSTRY HEALTH FUND,WV,526177115,501
358,3805,3447,TEAMSTERS JOINT COUNCIL 32 - EMPLOYERS HEALTH AND WELFARE FUND,MN,410855601,501
358,1177,819,IBEW LOCAL 269 WELFARE PLAN,NJ,223693537,501
354,961,607,NECA-IBEW LOCAL NO. 364 WELFARE TRUST FUND,MI,411677804,501
354,910,556,BAC LOCAL 23 NORTH SHORE CHAPTER HEALTH AND WELFARE FUND,OH,621523674,501
349,6365,6016,UFCW UNIONS & PARTICIPATING EMPLOYERS HEALTH & WELFARE FUND,NJ,010749311,501
348,1419,1071,NEWSPAPER GUILD OF NEW YORK NEW YORK TIMES BENEFITS FUND,NY,133094045,501
346,726,380,WEST VIRGINIA PIPE TRADES HEALTH AND WELFARE FUND,NJ,556030152,501
343,885,542,IRONWORKERS LOCAL 549-550 MEDICAL & BENEFIT PLAN,WV,510168650,501
341,1102,761,PLUMBERS LOCAL 75 HEALTH FUND,WI,396045202,501
340,1485,1145,TEAMSTERS UNION LOCAL 653 WELFARE FUND,MA,042149479,501
339,1284,945,OHIO STATE PLUMBERS & PIPEFITTERS HEALTH AND WELFARE FUND,OH,237169770,501
339,977,638,PLUMBERS & PIPEFITTERS LOCAL UNION 51 HEALTH & WELFARE PLAN,RI,050498023,501
338,1577,1239,LOCAL UNION IBEW 212 HEALTH AND WELFARE,IL,310782819,502
337,952,615,UNITED ASSOCIATION OF PLUMBERS LOCAL NO.8 HEALTH AND WELFARE PLAN,MO,440582944,501
336,799,463,I.A.T.S.E. LOCAL NO. 33 HEALTH AND WELFARE TRUST FUND,CA,956125213,501
334,1376,1042,PIPE TRADES DISTRICT COUNCIL 36 HEALTH AND WELFARE TRUST FUND,CA,946082955,501
331,754,423,SHEET METAL WORKERS UNION LOCAL 38 INSURANCE AND WELFARE FUND,NY,131739693,501
330,1012,682,METAL LATHERS LOCAL 46 TRUST FUND,NY,132878811,501
329,24466,24137,"DISTRICT COUNCIL 37,AFSCME, AFL-CIO",NY,135673101,503
324,1475,1151,STEAMFITTERS AND PLUMBERS LOCAL UNION NO 464 WELFARE FUND,NE,470587913,503
324,984,660,IRON WORKERS LOCAL 17 INSURANCE BENEFIT PLAN,MI,340759023,501
323,17729,17406,CALIFORNIA ASSOCIATION OF PROFESSIONAL EMPLOYEES TRUST,CA,956995453,501
323,3130,2807,H & W TRUST FD FOR IUOE LOCAL 99 & 99A,MD,526072849,501
323,1488,1165,NW PLUMBERS & PIPEFITTERS HEALTH FUND,WA,910611843,501
323,1293,970,PAINTERS DISTRICT COUNCIL NO. 30 HEALTH AND WELFARE,IL,237072134,501
323,1147,824,"AUTOMOTIVE, PETROLEUM & ALLIED INDUSTRIES EMPLOYEE WELFARE FUND",MO,431107932,501
323,323,0,NEW JERSEY B.A.C. HEALTH FUND RETIREE PLAN,NJ,222945933,502
320,690,370,INSULATORS LOCAL NO. 2 WELFARE FUND,PA,256030310,501
320,320,0,IRON WORKERS LOCAL UNION NO 22 RETIREE INSURANCE PLAN,IN,352049855,501
318,679,361,SOUTHERN CALIFORNIA BAKERY & CONFECTIONERY UNION AND INDUSTRY WELFARE PLAN,CA,954360512,501
317,4169,3852,HAWAII CARPENTERS HEALTH AND WELFARE FUND,HI,996014752,501
317,708,391,SHEET METAL WORKERS LOCAL UNION NO 268 WELFARE PLA,IL,370557803,501
316,1184,868,WESTCHESTER TEAMSTERS HEALTH & WELFARE FUND,NY,136123972,501
316,477,161,TEAMSTERS LOCAL 408 WELFARE PLAN,NJ,226172437,501
315,1230,915,INTERNATIONAL UNION OF OPERATING ENGINEERS MARINE DIVISION LOCAL 25 MEDICAL PLAN,NJ,131931288,501
313,1949,1636,PLUMBERS AND STEAMFITTERS LOCAL #486 MEDICAL FUND,MD,521059733,501
312,1546,1234,OHIO BRICKLAYERS HEALTH AND WELFARE PLAN,MI,316064918,501
309,1321,1012,METRO-ILA FRINGE BENEFIT FUND,NJ,133050863,501
307,824,517,STOREWORKERS SECURITY PLAN,NY,136162367,501
305,3826,3521,UNITED FURNITURE WORKERS INSURANCE FUND,TN,135547701,501
303,1290,987,NORTHERN CALIFORNIA BAKERY DRIVERS' SECURITY FUND,CA,946073089,501
301,964,663,SHEET METAL WORKERS' UNION LOCAL 33 CLEVELAND DISTRICT - HEALTH BENEFITS FUND,OH,346746427,501
301,301,0,RETAIL WHOLESALE DEPT STORE UNION LOCAL 1034 HEALTH AND WELFARE,PA,237105550,501
300,5155,4855,WISCONSIN ELECTRICAL EMPLOYEES HEALTH AND WELFARE PLAN,WI,391651543,501
300,603,303,IRON WORKERS LOCAL UNION NO. 60 NO. 60 SUPPLEMENTAL BENEFIT PLAN,NY,161500669,501
299,976,677,BRICKLAYERS AND ALLIED CRAFT WORKERS WELFARE FUND OF WESTERN PENNSYLVANIA,OH,256103466,501
299,570,271,ROOFERS LOCAL NO. 74/ NO. 203 WELFARE PLAN,NY,160836163,501
297,2392,2095,RETIREMENT MEDICAL FUNDING PLAN FOR ST. PAUL ELECTRICAL WORKERS,MN,411334004,504
295,1478,1183,CEMENT MASONS AND PLASTERERS HEALTH AND WELFARE PLAN,WA,911106482,501
294,9704,9410,UNITED FOOD & COMMERCIAL WORKERS LOCAL 152 HEALTH & WELFARE PLAN,NJ,210681336,501
291,707,416,CEMENT MASONS UNION LOCAL NO. 592 WELFARE PLAN,PA,231578380,501
291,291,0,SMHCV MEDICAL PLAN,ID,820226453,502
290,1109,819,CHRISTIAN LABOR ASSOCIATION HEALTH & WELFARE FUND,MN,411000422,501
289,1891,1602,MONTANA TEAMSTERS - CONTRACTORS/EMPLOYERS TRUST,WA,936021474,501
289,1625,1336,TRI-COUNTY BUILDING TRADES HEALTH FUND,WV,340751987,501
289,788,499,LOCAL UNION 400 IBEW WELFARE PLAN,NJ,222236617,501
289,788,499,IBEW LOCAL UNION 400 AUXILIARY WELFARE FUND,NJ,260181078,501
287,657,370,IRONWORKERS LOCAL 6 MEDICAL & S.U.B. PAY PLAN,NY,166085493,502
287,287,0,LOCAL 966 HEALTH FUND,NY,131911036,501
285,1977,1692,SAN DIEGO COUNTY TEAMSTERS - EMPLOYERS INSURANCE TRUST,CA,237243412,501
285,1336,1051,STRUCTURAL IRON WORKERS LOCAL 1 WELFARE FUND,IL,362196735,501
283,1724,1441,PLUMBERS AND STEAMFITTERS LOCAL UNION NO. 33 HEALTH AND WELFARE TRUST,IA,420930021,501
283,1602,1319,LOCAL 360 HEALTH FUND,NJ,226084338,501
283,1048,765,KANSAS BUILDING TRADES OPEN END HEALTH AND WELFARE TRUST FUND,KS,480691769,501
283,978,695,OPERATING ENGINEERS LOCAL 965 HEALTH BENEFIT PLAN,IL,366121856,501
281,1422,1141,U. A. LOCAL 38 HEALTH & WELFARE PLAN,CA,941285319,503
280,1901,1621,MASSACHUSETTS BRICKLAYERS & MASONS HEALTH AND WELFARE FUND,MA,042145367,501
280,1671,1391,SO. CA. SOFT DRINK INDUSTRY AND TEAMSTERS HEALTH & HEALTH AND WELFARE TRUST,CA,953248029,501
276,2900,2624,LABORERS' DISTRICT COUNCIL HEAVY & HIGHWAY HEALTH & WELFARE FUND,PA,231527636,501
276,2236,1960,PLUMBERS & STEAMFITTERS LOCAL 400 & MCA NORTH CENT WISCONSIN HEALTH & WELFARE PLAN,WI,391932533,501
276,1935,1659,"REFRIGERATION, A/C & SERVICE DIV. (UA-NJ) WELFARE PLAN",NJ,226211042,501
275,2076,1801,NORTHERN ILLINOIS WELFARE FUND PLAN,IL,204871642,501
275,275,0,ILA LOCALS 1922-1/2062 HEALTH AND WELFARE FUND,FL,237038555,501
273,1660,1387,PLUMBERS & PIPEFITTERS MEDICAL FUND,MD,530190932,501
272,11784,11512,SEIU LOCAL 1 & PARTICIPATING EMPLOYERS HEALTH TRUS,IL,362857218,501
272,2826,2554,OHIO CONFERENCE OF TEAMSTERS AND INDUSTRY HEALTH AND WELFARE FUND,OH,316029682,501
272,1090,818,LOCAL 1035 HEALTH SERVICE & INSURANCE PLAN,CT,060997832,501
272,787,515,PLUMBERS UNION LOCAL 55 HEALTH & WELFARE PLAN,OH,340754952,501
271,17062,16791,MCTWF ACTIVES PLAN,MI,381328578,501
271,1275,1004,WISCONSIN MASONS' HEALTH CARE FUND,WI,237422786,501
270,764,494,SHEET METAL WORKERS LOCAL NO. 292 HEALTH FUND,MI,381433000,501
269,1082,813,SHEET METAL WORKERS LOCAL NO. 110 HEALTH FUND,TN,550711972,501
269,702,433,GLAZING EMPLOYERS & GLAZIERS UNION LOCAL NO 27 WEL,IL,366126628,501
269,494,225,UNITED STEELWORKERS AFL-CIO-CLC HIGHWAY & HEAVY CONTRACTORS MULTI-EMPLOYER HEALTH AND WELFARE PLAN,KY,237022628,501
268,1552,1284,NEW MEXICO PIPE TRADES HEALTH AND WELFARE FUND,NM,856009171,501
267,267,0,IBU OF THE PACIFIC NATL HEALTH BENEFIT TRUST RETIREE HEALTH REIMBURSEMENT ARRANGEMENT,WA,930864012,502
263,1426,1163,OPERATING ENGINEERS LOCAL NO 37 HEALTH AND WELFARE FUND,MD,526039006,501
262,919,657,SALT RIVER VALLEY WATER USERS' ASSOC INS HLTH & LIFE WRAP PLAN F.K.A SRP AGR IMPROV/PWR DIST & SLT RVR VLY WTR USERS' ASSOC INS HLTH&LIFE PL,AZ,860053220,507
262,851,589,THE NELSON TRUST,OR,936041903,501
259,13467,13208,UFCW LOCAL 1500 WELFARE FUND,NY,237176373,501
259,933,674,"SHEET METAL WORKERS LOCAL 7,ZONE 1 HEALTH & WELFARE PLAN",MI,386099712,501
257,1216,959,U.A. LOCAL 467 HEALTH AND WELFARE TRUST FUND,CA,946415220,516
257,1025,768,INTERNATIONAL BROTHERHOOD OF BOILERMAKERS OHIO VALLEY REGION RETIREE WELFARE PLAN,MI,986805674,501
253,1016,763,IBEW LOCAL 363 WELFARE PLAN,NY,136132502,501
253,993,740,IBEW LOCAL NO. 150 WELFARE FUND,KY,362327771,501
252,2433,2181,ROOFERS UNIONS WELFARE TRUST FUND,IL,362226396,501
250,5697,5447,EMPLOYEE PAINTERS' TRUST HEALTH AND WELFARE PLAN,WA,910597991,501
250,4315,4065,TEAMSTERS SECURITY FUND FOR SOUTHERN NEVADA LOCAL 14,NV,880087294,501
250,3055,2805,NEW YORK STATE NURSES ASSOCIATION RETIREE MEDICAL PLAN,NY,611617397,501
250,1773,1523,INTERNATIONAL UNION OF OPERATING ENGIN LOCAL 138 WELFARE FUND,NY,111628170,501
249,1037,788,LIFE BENEFIT PLAN,NY,111708617,501
248,1051,803,ELECTRICAL WORKERS LOCAL 252 HEALTH & WELFARE PLAN,MI,386141764,501
248,543,295,UNITED ASSOCIATION OF JOURNEYMEN & APPRENTICE PIPEFITTERS LOCAL #524 HEALTH & WELFARE FUND,PA,237424474,501
247,1446,1199,OHIO CONFERENCE OF PLASTERERS AND CEMENT MASONS HEALTH & WELFARE FUND,OH,316051539,501
246,924,678,INLAND EMPIRE IBEW-NECA HEALTH PLAN,CA,330544202,501
245,1443,1198,PLUMBERS & STEAMFITTERS LOCAL 760 HEALTH & WELFARE TRUST FUND,AL,636065827,501
245,1425,1180,LABORERS LOCAL 1298 OF NASSAU & SUFFOLK COUNTIES WELFARE FUND,NY,111628171,501
244,2343,2099,IBEW LOCAL UNION 347 HEALTH AND WELFARE PLAN,MI,237091121,501
244,1033,789,THE LOCAL 7 TILE INDUSTRY WELFARE FUND,NY,386829766,501
242,745,503,PLUMBERS & PIPEFITTERS LOCAL 23 U.A. HEALTH & WELFARE FUND,IL,366110305,501
241,664,423,GENERAL BUILDING LABORERS' LOCAL 66 WELFARE FUND,NY,111627279,501
241,241,0,SOUTHWEST ILLINOIS BRICKLAYERS HEALTH & WELFARE FU,MO,371053780,501
241,241,0,RETIREE PLAN OF THE IUOE LOCAL 137 WELFARE FUND,NY,131739714,502
240,2127,1887,ROOFERS HEALTH AND WELFARE PLAN,CA,946074642,501
236,236,0,LOCAL UNION 598 PLUMBING & PIPEFITTING INDUSTRY EA MEDICARE-ELIGIBLE RETIREE HEALTH REIMBURSEMENT ARR,OR,910973983,502
235,841,606,NECA LU NO 313 IBEW HEALTH & WELFARE PLAN,PA,516102722,501
234,2354,2120,IRON WORKERS' HEALTH FUND OF EASTERN MICHIGAN,MI,386216995,501
233,598,365,INT'L BROTHERHOOD OF ELECTRICAL WORKERS LOCAL NO. 90 BENEFIT PLAN,CT,060942804,501
230,528,298,ASBESTOS WORKERS LOCAL UNION NO. 80 SUPPLEMENTAL MEDICAL PLAN,FL,521863202,501
229,1512,1283,UA LOCAL 190 INDIVIDUAL HRA PLAN,MI,260268950,504
229,1346,1117,IBEW LOCAL 43 AND ELECTRICAL CONTRACTORS WELFARE FUND,NY,156025163,501
229,657,428,UTAH NONPROFITS ASSOCIATION,UT,870481455,505
229,589,360,IRON WORKERS' LOCALS NO. 15 & 424 EXTENDED BENEFIT PLAN,CT,066078910,501
228,867,639,INT'L UNION OF BRICKLAYERS & ALLIED CRAFT- WORKERS LOCAL 1 CONNECTICUT HEALTH FUND,KY,061498630,501
227,731,504,ILWU WAREHOUSE WELFARE FUND,CA,946102389,501
227,361,134,"RENAL ASSOCIATES, PA FLEX BENEFIT PLAN",TX,742083988,501
226,1357,1131,NECA LOCAL 145 IBEW WELFARE PLAN,IL,426062181,501
225,286,61,UBCJ OF AMERICA GEN. OFFICE & STAFF H&W PLAN,NV,521911622,501
222,4429,4207,EQUITY-LEAGUE HEALTH TRUST FUND,NY,136092981,501
222,1448,1226,OREGON PROCESSORS EMPLOYEES TRUST,OR,936031208,501
221,3337,3116,OPERATING ENGINEERS LOCAL 501 SECURITY FUND,CA,956049026,501
219,1732,1513,ARIZONA OPERATING ENGINEERS' HEALTH AND WELFARE TRUST FUND,AZ,866025730,501
219,1075,856,OREGON BAKERS UNION TRUST FUND,OR,930464898,501
219,808,589,JACKSONVILLE MARITIME ASSOCIATION / INTERNATIONAL LONGSHOREMEN'S ASSOCIATION WELFARE PLAN,FL,590834277,501
218,4415,4197,BRICKLAYERS AND ALLIED CRAFTWORKERS INTERNATIONAL HEALTH FUND,DC,526397805,501
216,4117,3901,LOCAL 1158 WELFARE PLAN FUND,NJ,227051778,501
216,509,293,CENTRAL NEW YORK LABORERS' HEALTH & WELFARE FUND,NY,166044095,501
215,5472,5257,LABORERS DISTRICT COUNCIL OF WESTERN PENNSYLVANIA WELFARE FUND,PA,256035806,501
214,1802,1588,PAINTERS DISTRICT COUNCIL #2 WELFARE PLAN DBA ST LOUIS PAINTERS WELFARE PLAN,MO,237099221,501
213,717,504,MASONRY WELFARE PLAN,OR,936023043,501
212,904,692,LOCAL 309 ELECTRICAL HEALTH AND WELFARE FUND,IL,376039515,501
210,594,384,"BRICKLAYERS LOCAL 1 OF MD,VA AND DC HEALTH AND WELFARE FUND",MD,541008445,501
210,210,0,UCBT RETIREE HEALTH PLAN,CA,822616834,501
209,1544,1335,NORTHERN CALIFORNIA BAKERY & CONFECTIONERY HEALTH AND WELFARE FUND,CA,946203695,501
208,6331,6123,INDIANA STATE COUNCIL OF ROOFERS TRUST FOR HEALTH AND WELFARE,IN,237067814,501
208,421,213,GRAPHIC COMMUNICATIONS NATIONAL HEALTH & WELFARE FUND,PA,522045099,501
206,436,230,DES MOINES IRON WORKERS WELFARE FUND,IA,420842882,501
205,1266,1061,JACKSONVILLE PLUMBERS AND PIPEFITTERS HEALTH AND WELFARE FUND,TN,590810108,501
205,458,253,IRON WORKERS DISTRICT COUNCIL OF WESTERN NEW YORK AND VICINITY SUPPLEMENTAL BENEFIT PLAN (ACTIVE PARTICIPANTS),NY,161550492,501
203,2300,2097,PAINTERS AND ALLIED TRADES DISTRICT COUNCIL #82 HEALTH CARE FUND,MN,237111727,501
202,589,387,OPEIU BENEFITS FUND,NY,136110088,501
201,1011,810,WEST MI PLUMBERS FITTERS & SERVICE TRADES LOCAL 174 HEALTH & BENEFITS PLAN,MI,386519330,501
201,543,342,PLUMBERS PIPE FITTERS & APPRENTICES LOCAL 112 HEAL,NY,166053348,501
200,798,598,SEIU LOCAL 200 UNITED BENEFIT FUND,NY,161198780,501
199,1379,1180,PLUMBERS & PIPEFITTERS L.U. NO 572 HEALTH & WELFARE FUND,TN,620786559,501
199,1361,1162,PAINTERS TRUST FUND OF WASHINGTON DC AND VICINITY,PA,526034933,501
199,919,720,MO-KAN IRON WORKERS WELFARE FUND,MO,436051454,501
198,2747,2549,OREGON LABORERS-EMPLOYERS HEALTH AND WELFARE PLAN,OR,936024141,501
194,1396,1202,UNION ROOFERS HEALTH & WELFARE FUND,CA,951856197,502
194,198,4,IBEW LOCAL 1919 HEALTH AND WELFARE FUND,NJ,236399505,501
193,1172,979,EMPLOYER-TEAMSTERS LOCAL NOS 175 & 505 HEALTH & WELFARE FUND,WV,550422384,501
193,333,140,"DERRICKMENS WELFARE FUND, LOCAL 197",NY,136121369,501
192,693,501,MO-KAN TEAMSTERS HEALTH & WELFARE FUND,MO,436124888,501
191,591,400,UNITED ASSOCIATION OF JOURNEYMAN & APPRENTICES OF PLUMBING AND STEAMFITTING,OH,346545105,501
191,590,399,PLUMBERS AND STEAMFITTERS UNION LOCAL NO. 10 HEALTH AND WELFARE PLAN,TN,526047277,501
191,540,349,PLUMBERS & STEAMFITTERS LOCAL UNION 452 HEALTH & WELFARE FUND,KY,237069361,501
190,1872,1682,BOILERMAKERS LODGE NO. 154 WELFARE FUND,MN,256036558,501
189,770,581,PLUMBERS & PIPEFITTERS LOCAL 172 WELFARE FUND,IL,356022383,501
188,886,698,MASONRY SECURITY PLAN OF WASHINGTON,WA,916028573,501
187,1421,1234,MICHIANA AREA ELECTRICAL WORKERS HEALTH AND WELFARE FUND,MI,356073323,501
186,2849,2663,PAVERS & ROAD BUILDERS DC WELFARE FUND,NY,135562753,501
186,186,0,PAINTERS AND ALLIED TRADES DISTRICT COUNCIL NO. 35 RETIREE PREMIUM REIMBURSEMENT PLAN,MA,042150983,502
185,3571,3386,INDORAMA VENTURES HOLDINGS CORPORATION WELFARE BENENFITS PLAN,NC,990373524,501
185,1618,1433,"INTERNATIONAL ASSOCIATION OF SHEET METAL, AIR, RAIL AND TRANSPORTATION WORKERS (SMART) LOCAL NO. 36 WELFARE PLAN",MO,430681778,501
185,825,640,CEMENT MASONS AND PLASTERERS HEALTH AND WELFARE PLAN,NV,886010564,501
183,781,598,KALAMAZOO PLUMBERS & PIPEFITTERS LOCAL UNION NO. 357 HEALTH & WELFARE BENEFIT PLAN,MI,386156571,501
183,669,486,FOX VALLEY & VICINITY CONSTRUCTION WORKERS WELFARE FUND,IL,366147408,501
179,1602,1423,LOCAL 705 INTL BROTHERHOOD OF TEAMSTERS HEALTH AND WELFARE FUND,IL,362688697,502
178,2755,2577,LOCAL 1102 HEALTH AND BENEFIT FUND,NY,131768188,501
178,1313,1135,IRON WORKERS' TRI-STATE WELFARE PLAN,IL,366599036,501
178,1267,1089,EMPLOYER-TEAMSTERS LOCAL 205 WELFARE FUND,PA,251417264,501
178,178,0,EXCAVATING AND BUILDING MATERIAL DRIVERS UNION LOCAL 436 WELFARE FUND,OH,340821253,501
177,3798,3621,"DISTRICT NO. 9, INTERNATIONAL ASSOCIATION OF MACHINSTS AND AEROSPACE WORKERS WELFARE TRUST",MO,430648504,501
176,2231,2055,IUOE LOCAL NO. 132 HEALTH & WELFARE FUND,WV,550455491,501
176,2150,1974,TEAMSTERS LOCAL 830 WELFARE FUND,PA,231415471,501
176,930,754,DISTRICT COUNCIL NO. 3 PAINTERS AND ALLIED TRADES WELFARE FUND,MO,430817513,501
175,175,0,COLORADO SHEET METAL WORKERS' LOCAL 9 MEDICARE RET,CO,846029106,502
174,637,463,NATIONAL ALLIED WORKERS UNION INSURANCE TRUST,IL,362241970,501
172,769,597,CHICAGO TILE INSTITUTE WELFARE FUND,IL,362325442,501
170,692,522,HAWAII IRON WORKERS' HEALTH AND WELFARE PLAN,HI,990166475,501
168,1055,887,SHEET METAL WORKERS LOCAL 91 HEALTH AND WELFARE FU,IL,362525679,501
167,456,289,PLASTERERS AND CABINET MAKERS HEALTH FUND,MN,416039051,501
166,2549,2383,PLUMBERS & STEAMFITTERS LOCAL 440 H&W PLAN,IN,351899607,502
166,587,421,PLUMBERS & PIPEFITTERS LOCAL 94 HEALTH & WELFARE PLAN,OH,346594978,501
165,1195,1030,I.A.T.S.E. LOCAL 16 HEALTH AND WELFARE TRUST FUND,CA,946138741,501
165,165,0,"SICKNESS & ACCIDENT FUND OF LOCAL ONE, ALA FOR LITHOGRAPHIC EMPLOYEE",NY,135563432,501
164,306,142,UPSTATE UNION HEALTH AND WELFARE FUND,NY,166072836,501
163,2186,2023,LIQUOR AND ALLIED WORKERS UNION LOCAL NO. 3 HEALTH AND WELFARE FUND - SALES DIVISION,IL,363265979,501
163,2006,1843,"DAY CARE COUNCIL OF NEW YORK - LOCAL 205, D. C. 37 WELFARE FUND",NY,132672380,501
163,1019,856,PLUMBERS AND STEAMFITTERS LOCAL 166 HEALTH AND WELFARE PLAN,IN,352030543,501
163,389,226,SHEET METAL WORKERS' HEALTH PLAN,TN,203804404,501
162,2120,1958,SOUTHERN PAINTERS WELFARE FUND,PA,581910292,501
160,5684,5524,BOILERMAKERS LOCAL 83 SUPPLEMENTAL HEALTH & WELFARE PLAN,MO,205130170,501
160,799,639,MILWAUKEE PAINTERS LOCAL UNION NO. 781 HEALTH FUND,WI,390859145,501
160,625,465,PHOENIX PAINTING INDUSTRY HEALTH AND WELFARE TRUST FUND,AZ,866051048,501
160,566,406,LOCAL UNIONS NO 19 AND 127 HEALTH AND WELFARE FUND,WI,396048209,501
160,423,263,PLUMBERS & PIPEFITTERS HEALTH & WELFARE INSURANCE,IL,370695761,501
159,1376,1217,NORTH COAST TRUST FUND,CA,941672782,501
159,663,504,LABORERS TRUST FUND,VA,540675443,504
159,523,364,PLUMBERS & STEAMFITTERS LOCAL UNION 248 HEALTH AND WELFARE FUND,KY,616038481,501
158,625,467,GONNELLA BAKING CO. HEALTH & WELFARE PLAN,IL,361143800,501
158,345,187,U. A. LOCAL NO. 159 HEALTH & WELFARE PLAN,CA,946430804,502
158,339,181,H.F.I.A.W. LOCAL NO. 32 - WELFARE FUND,NJ,237159212,501
157,9264,9107,PENSIONED OPERATING ENGINEERS HEALTH AND WELFARE TRUST FUND,CA,946096327,501
157,3267,3110,METAL TRADES BRANCH LOCAL 638 HOSPITAL AND WELFARE FUND,NY,136211854,501
157,948,791,SOUTH CENTRAL MINNESOTA ELECTRICAL WORKERS' FAMILY HEALTH PLAN,MN,411305411,501
156,2790,2634,ELECTRICAL WORKERS BENEFIT PLAN,IN,350851694,501
156,1275,1119,INSURANCE TRUST FUND PRIVATE SANITATION UNION LOCAL 813 I. B. OF T.,NY,135603868,501
156,472,316,IBEW LOCAL NO 129 HEALTH AND WELFARE FUND,MI,346608616,501
155,558,403,SEAFARERS OFFICERS AND EMPLOYEES WELFARE PLAN,MD,112571578,501
154,632,478,PLUMBERS & PIPE FITTERS LOCAL 354 HEALTH & WELFARE FUND,PA,237335250,501
153,153,0,IRON WORKERS DISTRICT COUNCIL OF WESTERN NEW YORK AND VICINITY RETIREE SUPPLEMENTAL BENEFIT PLAN,NY,161550492,502
153,153,0,DETROIT BREWERS AND DISTRIBUTORS RETIREE HEALTH PLAN AND TRUST,MI,382094732,501
151,851,700,"LOCAL 94, IBEW HEALTH AND WELFARE FUND",NJ,226699169,501
151,341,190,SMART LOCAL 137 INSURANCE FUND,NY,135520944,501
149,22607,22458,OHIO AFSCME CARE PLAN,OH,346726788,501
149,574,425,ELECTRICAL WORKERS IBEW LOCAL 81 HEALTH & WELFARE,PA,246021365,501
148,466,318,SHEET METAL WORKERS' LOCAL NO. 40 HEALTH FUND,NY,061013879,501
148,148,0,PHILADELPHIA MEDIA NETWORK NEWSPAPERS LLC / GCC PRESSMEN'S LOCAL 16N HEALTH & WELFARE FUND,PA,236423010,501
148,148,0,OFFICE AND PROFESSIONAL EMPLOYEES WELFARE FUND,CA,237120690,501
146,393,247,SHEET METAL WORKER 7 ZONE 3 WELFARE,MI,381449784,501
146,344,198,HEAT AND FROST INSULATORS AND ALLIED WORKERS LOCAL 25 WELFARE FUND,MI,386058688,501
146,235,89,IBEW LOCAL UNION 354 INTERMOUNTAIN CHAPTER NECA RETIREMENT BENEFIT FUND,NV,870633646,501
145,815,670,HEALTH & WELFARE TRUST FUND OF THE IUOE LOCALS NO. 877 AND 70,MA,042624972,501
145,250,105,UNITED ASSOCIATION OF PLUMBERS AND PIPEFITTERS LOCAL 160 HEALTH AND WELFARE PLAN,IL,376134925,501
144,6128,5984,IUOE LOCAL 399 HEALTH REIMBURSEMENT ACCOUNT PLAN,IL,471259234,501
144,963,819,OPERATING ENGINEERS PUBLIC AND MISCELLANEOUS EMPLOYEES HEALTH AND WELFARE TRUST FUND,CA,942567865,501
143,1516,1373,IRONWORKERS INTERMOUNTAIN HEALTH & WELFARE TRUST,UT,876123188,501
143,697,554,UNITED FOOD & COMMERCIAL WORKERS UNIONS & EMPLOYERS MIDWEST HEALTH BENEFITS FUND,IL,366598490,501
143,351,208,UA LOCAL 716 HEALTH & WELFARE TRUST FUND,CT,016010506,501
143,323,180,PLUMBERS AND PIPEFITTERS LOCAL 671 HEALTH AND WELFARE PLAN,MI,381753045,501
142,798,656,BEVERAGE DRIVERS HEALTH & WELFARE FUND,PA,526056136,501
142,284,142,PLUMBERS & STEAMFITTERS LOCAL #521 HEALTH & WELFARE FUND,WV,550635214,501
141,725,584,PLUMBERS LOCAL UNION NO. 200 WELFARE FUND,NY,113124836,501
141,192,51,SHEET METAL WORKERS LOCAL 214 SUPPLEMENTAL WELFARE,LA,461757206,501
140,353,213,"TEAMSTERS LOCAL UNION #600 TRANSPORTATION, WAREHOUSING AND DAIRY INDUSTRY UNION WELFARE TRUST FUND",MO,430656495,501
139,5721,5582,OPERATING ENGINEERS LOCAL 825 WELFARE FUND,NJ,226033381,501
139,380,241,SHEET METAL WORKERS LOCAL 83 INSURANCE FUND,NY,141435258,501
138,1887,1749,NEW JERSEY BUILDING LABORERS STATEWIDE WELFARE FUND,NJ,221764453,501
138,1070,932,ROOFERS LOCAL UNION #8 - RDWA INSURANCE AND TRUST,NY,111653210,501
137,491,354,MARBLE INDUSTRY TRUST FUND,NY,136118206,501
137,474,337,ROOFERS UNION LOCAL NO. 70 INSURANCE TRUST FUND,MI,382818643,504
136,880,744,NORTHWEST METAL CRAFTS TRUST FUND,WA,916031197,501
135,846,711,"LABORERS' LOCAL UNION NO. 91 WELFARE FUND OF NIAGARA FALLS, NY",NY,160776158,501
135,303,168,TEAMSTERS LOCAL 641 WELFARE FUND,NJ,226220289,501
135,135,0,MUFCW UNIONS AND EMPLOYERS RETIREE PLAN,OH,382427401,502
133,640,507,ASBESTOS WORKERS LOCAL 24 MEDICAL FUND,MD,770649935,501
133,133,0,"OAK VALLEY DAIRY, LLC",ID,203180650,501
132,813,681,BAKERS HEALTH AND WELFARE FUND,CA,946093929,501
130,348,218,SOUTHERN TIER BUILDING TRADES WELFARE PLAN,NY,160810677,501
130,204,74,HEALTH AND WELFARE FUND OF TEAMSTERS LOCAL 473,OH,510135567,501
129,1397,1268,PAINTERS DISTRICT COUNCIL NO. 4 HEALTH AND WELFARE,NY,166070541,501
129,334,205,WEST VIRGINIA PLUMBERS AND STEAMFITTERS LOCAL 152,WV,556025364,501
128,1350,1222,OPERATING ENGINEERS LOCAL 835 WELFARE FUND,PA,232079619,501
128,510,382,HAGERSTOWN TEAMSTERS AND MOTOR CARRIERS HEALTH AND WELFARE FUND,MD,520629995,501
128,499,371,HAWAII TAPERS RETIREE HEALTH REIMBURSEMENT FUND,HI,813361137,501
127,1349,1222,UMTA TRUST,OR,936029224,501
127,440,313,BRICKLAYERS AND ALLIED CRAFTWORKERS LOCAL NO. 3 NY NIAGARA FALLS-BUFFALO CHAPTER HEALTH & WELFARE PLA,NY,160849723,501
126,578,452,SHEET METAL WORKERS LOCAL UNION NO. 7 ZONE 2 HEALTH CARE PLAN,MI,386075386,501
125,643,518,IBEW LOCAL 712 WELFARE TRUST FUND,PA,256037360,501
124,3370,3246,ARIZONA PIPE TRADES HEALTH & WELFARE TRUST FUND,AZ,860104344,501
124,954,830,"PLUMBERS, PIPEFITTERS, REFRIGERATION WORKERS SERVICE TECHS LOCAL 434 HEALTH & WELFARE TRUST",WI,391856935,501
123,2397,2274,IBEW LOCAL UNION NO. 22/NECA HEALTH & WELFARE PLAN,NE,470462667,501
123,882,759,PLUMBERS & PIPEFITTERS LOCAL NO 333 HEALTH AND WELFARE BENEFIT PLAN,MI,383544316,501
123,444,321,PLUMBERS LOCAL UNION 219 HEALTH AND WELFARE FUND,OH,341374275,501
122,69028,68906,LINE CONSTRUCTION BENEFIT FUND,IL,366066988,501
122,2903,2781,REVOLUTIONARY MEDICAL TRUST,CA,847090724,501
122,1885,1763,UFCW UNION LOCAL 1189 AND ST. PAUL FOOD EMPLOYERS HEALTH CARE PLAN,MN,416051513,501
121,1027,906,LOCAL NO. 41 IBEW HEALTH FUND,NY,160841426,501
121,596,475,FLINT PLUMBING PIPEFITTING HEALTH,MI,386208007,501
121,314,193,SHEET METAL WORKERS LOCAL 44 WELFARE FUND,PA,232143139,501
120,728,608,CONSTRUCTION TEAMSTERS SECURITY FUND FOR SOUTHERN CALIFORNIA,CA,956059190,501
120,386,266,IBEW LOCAL 234 HEALTH AND WELFARE TRUST,CA,946250011,501
119,1615,1496,NORTHERN NEW JERSEY TEAMSTERS BENEFIT PLAN,NJ,226082349,501
119,1292,1173,UTAH PIPE TRADES WELFARE TRUST FUND,CA,876128290,501
119,1199,1080,REGIONAL DISTRICT COUNCIL WELFARE PLAN AND TRUST,OR,562546659,501
117,3326,3209,SOUTHERN OPERATORS HEALTH FUND,TN,432067325,501
117,1282,1165,LOCAL 666 BENEFIT TRUST FUND,TN,540848799,501
117,399,282,WORCESTER PLUMBERS & PIPEFITTERS HEALTH & WELFARE FUND,CT,046124621,501
116,2283,2167,IBEW LOCAL UNION NO. 126 HEALTH AND WELFARE PLAN,PA,236395223,501
116,356,240,ALL ALASKA LONGSHORE HEALTH AND WELFARE TRUST FUND,OR,916070467,501
115,1686,1571,PLUMBERS & PIPEFITTERS L.U. 286 HEALTH & WELFARE FUND,NM,746188725,501
114,5870,5756,TEAMSTERS MANAGED HEALTH CARE TRUST FUND,CA,943138272,501
114,432,318,SOLANO-NAPA COUNTIES ELECTRICAL WORKERS HEALTH AND WELFARE TRUST FUND,CA,946085742,501
114,401,287,PLUMBERS AND PIPEFITTERS LOCAL 625 HEALTH & WELFARE FUND,WV,882080702,501
113,1626,1513,EAST CENTRAL IL PIPE TRADES HEALTH & WELFARE PLAN,IN,370867221,501
113,337,224,IBEW LOCAL 139 WELFARE PLAN,NY,160839767,501
112,1685,1573,BCTGM LOCAL 53 HEALTH BENEFITS FUND,NJ,111782177,501
112,701,589,"HEAT AND FROST INSULATORS OF NO. CALIF., LOCAL 16 HEALTH AND WELFARE FUND",CA,941233004,501
112,506,394,SIGN PICTORIAL AND DISPLAY WELFARE FUND,CA,946087594,501
112,453,341,"GLAZIERS, ARCHITECTURAL METAL & GLASS WORKERS LOCAL UNION #1399 HEALTH & WELFARE TRUST",CA,330432608,501
112,344,232,LABORERS' LOCAL UNION NO. 603 MEDICAL HOSPITAL FUN,PA,250568356,501
112,222,110,ASBESTOS WORKERS LOCAL 42 WELFARE FUND,FL,526079218,501
110,1115,1005,TEAMSTERS UNION LOCAL NO 92 HEALTH AND WELFARE FUND,OH,347133842,501
109,1594,1485,IBU OF THE PACIFIC NATL HEALTH BENEFIT TRUST,WA,930864012,501
109,644,535,NORTHERN ILLINOIS & IOWA LABORERS HEALTH & WELFARE TRUST,IL,366157689,501
108,2107,1999,CENTRAL ILLINOIS CARPENTERS HEALTH AND WELFARE FUN,IL,371117215,501
108,270,162,ST LOUIS GLASS AND ALLIED INDUSTRIES HEALTH AND WE,MO,436199203,501
108,108,0,RED ROCK AUTO GROUP MEDICAL PLAN,CO,813789663,501
107,3928,3821,"LOCAL 731, I.B. OF T., HEALTH AND WELFARE FUND",IL,362392752,501
107,960,853,HEAT AND FROST INSULATORS AND ASBESTOS WORKERS HEALTH AND WELFARE TRUST FUND,CA,956093752,501
107,898,791,LOCAL 682 HEALTH AND WELFARE TRUST FUND,MO,436033487,501
107,626,519,ROOFERS LOCAL 49 WELFARE FUND,OR,936021772,501
106,695,589,BRICKLAYERS & ALLIED CRAFTWORKERS LOCAL 3 NY ROCHESTER CHAPTER WELFARE FUND,NY,160983640,501
105,224,119,INTL ASSOC OF HEAT & FROST INSULATORS & ALLIED WORKERS LOCAL 78 HEALTH & WELFARE PLAN,TN,631149541,501
104,1098,994,COLORADO SHEET METAL WORKERS' LOCAL 9 FAMILY HEALTH PLAN,CO,846029106,501
104,104,0,PAINTERS LOCAL NO. 109 HEALTH AND WELFARE PLAN,NE,470738490,501
103,485,382,WELFARE FUND OF HEAT AND FROST INSULATORS LOCAL 12,NY,116302784,501
103,377,274,IRONWORKERS LOCAL UNION NO. 167 WELFARE FUND,TN,620696127,501
103,227,124,ST. LOUIS GRAPHIC ARTS JOINT HEALTH & WELFARE FUND,MO,431178602,501
102,11267,11165,UNITED FOOD & COMMERCIAL WORKERS UNION LOCAL 711 AND RETAIL FOOD EMPLOYERS BENEFIT FUND,UT,237100610,501
102,2956,2854,"WELFARE FUND OF THE IUOE LOCAL UNIONS 15, 15A, 15C 15D, AFL-CIO",NY,136694320,501
102,1901,1799,HAWAII ELECTRICIANS HEALTH AND WELFARE PLAN,HI,990104618,501
102,325,223,LABOR MANAGEMENT UNIVERSAL HEALTH BENEFITS TRUST,CA,956975448,501
101,361,260,PLUMBERS & STEAMFITTERS MANAGED HEALTH CARE PLAN,CA,943203548,501
101,319,218,PLUMBERS & STEAMFITTERS LOCAL 42 HEALTH & WELFARE TRUST FUND,OH,237404076,501
100,1570,1470,WISCONSIN HEALTH FUND,WI,391762582,501
100,883,783,MONTANA OPERATING ENGINEERS CONSTRUCTION & MINING INDUSTRY HEALTH & SECURITY TRUST FUND,WA,816009559,501
99,1901,1802,UFCW LOCAL 1546 FOOD HANDLERS WELFARE FUND,IL,362365968,501
99,1657,1558,IBT UNION LOCAL NO 710 HEALTH AND WELFARE FUND,IL,362153764,501
99,573,474,STAGEHANDS LOCAL TWO H&W PLAN,IL,366565389,501
99,388,289,MFOW WELFARE FUND,CA,941254186,501
99,371,272,MONTANA CREDIT UNION LEAGUE GROUP BENEFITS TRUST,MT,376420195,501
99,327,228,FLINT AREA SHEET METAL WORKERS LOCAL 7-4 HEALTH CARE FUND,MI,383377279,501
98,1212,1114,U.A. LOCAL NO. 447 PIPE TRADES HEALTH AND WELFARE PLAN,CA,941268305,501
98,965,867,MADISON AREA CONSTRUCTION EMPLOYEES TRUST HEALTH & WELFARE,WI,396046679,501
98,362,264,MICHIGAN GLASS & GLAZING INDUSTRY WELFARE INSURANCE PLAN,MI,386058023,501
97,11279,11182,MASSACHUSETTS LABORERS' HEALTH AND WELFARE FUND,MA,042214296,501
97,395,298,PLUMBERS & STEAMFITTERS LOCAL 577 HEALTH & WELFARE PLAN,KY,556097177,501
96,1625,1529,POINTERS CLEANERS & CAULKERS WELFARE FUND,NY,131831867,501
96,507,411,IBEW LOCAL 143 HEALTH & WELFARE FUND,PA,236537047,501
95,215,120,STEAMFITTERS LOCAL 439 HEALTH & WELFARE FUND,IL,371196886,501
94,1507,1413,TEAMSTERS LOCAL 97 BENEFITS FUND,NJ,222004832,501
94,965,871,PAINTING INDUSTRY INSURANCE FUND,OH,340695505,501
94,369,275,HEAT AND FROST INSULATORS AND ALLIED WORKERS LOCAL 36 HEALTH TRUST,OR,936023047,501
94,278,184,ZALAT ZEALOTS LLC EMPLOYEE BENEFIT PLAN,TX,822863404,501
94,94,0,INDIANA TEAMSTERS HEALTH BENEFITS FUND RETIREE PLAN,IN,351074113,502
93,1141,1048,MAHONING AND TRUMBULL COUNTY BUILDING TRADES INSURANCE FUND,OH,340746419,501
93,207,114,INTERNATIONAL ASSOCIATION OF HEAT AND FROST INSULATORS AND ALLIED WORKERS LOCAL NO. 40 WELFARE FUND,FL,141514924,501
92,1433,1341,UTAH SHEET METAL WELFARE TRUST FUND,UT,876119330,501
92,940,848,WESTCHESTER HEAVY CONSTRUCTION LABORERS LOCAL 60 HEALTH & WELFARE FUND,NY,131737041,501
92,431,339,SPOKANE FIRE FIGHTERS (LOCAL 29) BENEFIT TRUST,WA,461402215,501
91,1164,1073,SHEET METAL WORKERS WELFARE FUND LOCAL 85,TN,586056203,501
90,1348,1258,RAILROAD MAINTENANCE & INDUSTRIAL HEALTH & WELFARE,IL,371023648,501
90,407,317,TENNESSEE VALLEY PAINTERS HEALTH FUND,TN,621027024,501
88,746,658,ROOFERS UNION LOCAL NO. 33 INSURANCE FUND,MA,046148460,501
88,555,467,"CEMENT MASONS - EMPLOYERS HEALTH, WELFARE AND VACATION PLAN",OR,936023044,501
87,1140,1053,LOCAL 1964 ILA HEALTH & INSURANCE FUND,NJ,237248562,501
87,1137,1050,UFCW UNION LOCAL 88 & EMPLOYERS HEALTH & WELFARE F,MO,200946697,501
87,378,291,HEALTH & WELFARE FUND IBEW LOCAL 96,MD,042177839,501
87,87,0,OHIO BRICKLAYERS HEALTH SUPPLEMENTAL PLAN,OH,542142185,501
86,7749,7663,GREATER PENNSYLVANIA CARPENTERS' MEDICAL PLAN,PA,237007718,501
86,1984,1898,"LOCAL 99, HEALTH & WELFARE FUND",NJ,300217152,501
86,1017,931,BAKERY CRACKER PIE & YEAST WAGON DRIVERS LOCAL 734 WELFARE FUND,IL,362272414,501
86,577,491,SHREVEPORT ELECTRICAL HEALTH & WELFARE FUND,TN,726033767,501
86,411,325,PLUMBERS LOCAL 210 HEALTH AND WELFARE FUND,IN,320047529,501
86,303,217,MOSAIC & TERRAZZO WELFARE FUND,NY,135676828,501
86,269,183,NYSA-PPGU WELFARE FUND & PLAN,NJ,131966980,501
86,188,102,BASIN HEALTH AND WELFARE PLAN,OK,731482568,504
85,288,203,LOCAL 475 HEALTH PLAN,NY,136179467,501
84,1364,1280,SOLANO-NAPA COUNTIES ELECTRICAL WORKERS RETIREE MEDICAL ACCOUNT PLAN,CA,946085742,502
84,384,300,I.A.OF M. MOTOR CITY HEALTH & WELF,MI,381422403,501
83,543,460,IRON WORKERS LOCAL 383 HEALTH CARE PLAN,WI,391365594,501
83,361,278,FIRST CITIZENS NATIONAL BANK EMPLOYEE BENEFITS PLAN,TN,620201100,501
83,329,246,IBEW LOCAL 300 HEALTH & WELFARE,VT,237293087,502
83,259,176,INSULATORS LOCAL 45 HEALTH CARE PLAN,MI,522001419,501
82,250,168,TEAMSTERS LOCAL 445 WELFARE FUND,NY,146022213,501
81,216,135,"SPRING HEALTHCARE COOPERATIVE, INC",MA,454646233,501
80,656,576,BRICKLAYERS AND ALLIED CRAFTWORKERS LOCAL 13 HEALTH BENEFITS FUND,NV,880476131,501
80,623,543,"LOCAL 649, IBEW SUPPLEMENTAL UNEMPLOYMENT BENEFIT WELFARE FUND",MO,431827623,501
80,559,479,NORTHERN CALIFORNIA PLASTERERS HEALTH AND WELFARE TRUST FUND,CA,946251593,501
80,498,418,OPCMIA LOCAL 526 WELFARE FUND,PA,256103482,501
79,2347,2268,ROEHL TRANSPORT INC EMPLOYEE BENEFIT PLAN,WI,391145328,501
79,555,476,IBEW NO 743 HEALTH AND WELFARE PLAN,PA,236299525,501
79,521,442,REDWOOD EMPIRE ELECTRICAL WORKERS HEALTH & WELFARE TRUST,CA,237071451,501
79,268,189,STEUBENVILLE ELECTRICAL WELFARE FUND,PA,346537195,501
79,143,64,ASBESTOS WORKERS LOCAL 12A ABATEMENT HEALTH FUND,NY,113517511,501
78,2565,2487,LOCAL 338 HEALTH AND WELFARE FUND,NY,132980858,501
78,434,356,SERVICE EMPLOYEES INTL UNION LOCAL 2000 HEALTH & WELFARE FUND,MO,431598128,501
78,333,255,"UNITED UNION OF ROOFERS, WATERPROOFERS & ALLIED WORKERS LOCAL NO. 12 HEALTH & WELFARE FUND",CT,060878220,501
77,932,855,FOOD EMPLOYERS & BAKERY & CONFECTIONERY WORKERS BENEFIT FUND OF SOUTHERN CALIFORNIA,CA,956134346,501
77,584,507,PLUMBERS & STEAMFITTERS LOCAL 150 HEALTH & WELFARE,TN,581274987,501
77,249,172,BUILDING TRADES WELFARE FUND FOR THE OHIO VALLEY,OH,550394421,501
77,221,144,LABORERS DISTRICT COUNCIL OF VIRGINIA HEALTH & WELFARE TRUST FUND,VA,546070422,501
76,1203,1127,HEALTH FUND 917,NY,136129427,501
76,292,216,IBEW LOCAL 56 HEALTH AND WELFARE PLAN,PA,251158956,501
75,354,279,SHEET METAL WORKERS LOCAL 22 - WELFARE FUND,NJ,221505211,501
75,257,182,LOCAL 495 RACE TRACK EMPLOYEES SUPPLEMENTAL WELFARE TRUST,CA,956115963,501
75,75,0,U.A. LOCAL 350 RETIREE HEALTH AND WELFARE PLAN,NV,810754804,502
74,1260,1186,U.F.C.W. AND EMPLOYERS KANSAS AND MISSOURI HEALTH AND WELFARE TRUST FUND,FL,430797957,501
74,718,644,ATLANTA PLUMBERS & STEAMFITTERS RETIREE H&W FUND,FL,371830040,501
73,906,833,CARIBBEAN RESTAURANTS LLC - HEALTH,PR,660348741,501
73,241,168,GSC-ILA LOCAL 1303 WELFARE PLAN,MS,640364110,501
72,3086,3014,IBEW/NECA SOUND AND COMMUNICATIONS HEALTH AND WELFARE PLAN,CA,770234638,501
72,269,197,STONE AND MARBLE MASONS OF METROPOLITAN WASHINGTON DC HEALTH AND WELFARE FUND,MD,526038514,501
71,408,337,TRUSTEES OF THE NENY DISTRICT COUNCIL PIPEFITTERS WELFARE FUND,NY,141418020,501
70,627,557,TEAMSTERS' INDUSTRY WELFARE FUND,PA,256035969,501
69,1397,1328,SOUTHERN CALIFORNIA LUMBER INDUSTRY WELFARE FUND,CA,956035120,501
69,854,785,NORTHWEST FIREFIGHTERS RELIEF ASSOCIATION WELFARE BENEFIT PLAN,OR,936227660,501
69,831,762,NORTHEAST DISTRICT COUNCIL OF THE OPCMIA WELFARE FUND,NY,131567895,501
69,332,263,"A & H SPORTSWEAR COMPANY, INC. HEALTH AND WELFARE PLAN",PA,231663062,501
69,125,56,IATSE LOCAL 17 HEALTH AND WELFARE TRUST FUND,KY,311110073,501
68,1084,1016,PLUMBERS & PIPEFITTERS LOCAL NO 189 HEALTH & WELFARE PLAN,OH,310894807,501
68,236,168,LABORERS OF DELAWARE LOCAL UNIONS 199 WELFARE FUND,PA,516015930,501
68,68,0,"INT'L BROTHERHOOD OF ELECTRICAL WORKERS AFL-CIO, CFL, LOCAL 1501 HEALTH AND WELFARE FUND",MD,526058944,501
67,1850,1783,UFCW - HAWAII FOOD EMPLOYERS HEALTH AND WELFARE PLAN,CA,010757287,501
67,796,729,IRON WORKERS WELFARE PLAN,IL,720506999,501
67,309,242,HEAT & FROST INSULATORS AND ALLIED WORKERS LOCAL 47 WELFARE FUND,MI,386058846,501
67,177,110,PACIFIC COAST SHIPYARDS METAL TRADES TRUST FUND,CA,941248513,501
66,390,324,TEAMSTERS LOCAL 348 HEALTH & WELFARE FUND,OH,346564615,501
66,254,188,MILWAUKEE ROOFERS HEALTH FUND,WI,396075843,501
64,8899,8835,TEAMSTERS HEALTH & WELFARE FUND OF PHILADELPHIA &,NJ,231392600,501
64,1596,1532,ALLIED WELFARE FUND,NY,226062974,501
64,944,880,CANTON ELECTRICAL WELFARE FUND,OH,346573626,501
64,792,728,SHEET METAL WORKERS LOCAL 49 FAMILY HEALTH PLAN,NM,856011542,501
64,463,399,SHEET METAL WORKERS' LOCAL 219 EMPLOYEE BENEFIT FUND,IL,363192254,501
64,270,206,BOSTON PLASTERERS' & CEMENT MASONS' LOCAL 534 HEALTH & WELFARE FUND,MA,046049991,501
64,245,181,LOCAL 14-M HEALTH AND WELFARE FUND,PA,231599630,501
63,287,224,TMA-ILA WELFARE PLAN,VA,591960263,502
63,131,68,HEAT AND FROST INSULATORS AND ALLIED WORKERS LOCAL NO. 4 WELFARE FUND,NY,161437656,501
62,10626,10564,NEW YORK STATE TEAMSTERS COUNCIL HEALTH & HOSPITAL FUND,NY,150551885,501
62,1607,1545,"BUILDING MATERIAL CHAUFFEURS, TEAMSTERS & HELPERS WELFARE FUND OF CHICAGO",IL,366057110,501
62,500,438,DISTRICT COUNCIL 37 HEALTH AND BENEFIT FUND,NY,132659322,501
61,911,850,U.A. LOCAL 13 & EMPLOYERS GROUP INSURANCE FUND,NY,160766976,501
61,800,739,IBEW LOCAL UNION NO. 99 HEALTH AND WELFARE FUND,RI,050264126,501
61,311,250,MEMPHIS CONSTRUCTION BENEFIT FUND,TN,620933920,501
61,148,87,COMPOSITION ROOFERS LOCAL NO. 4 WELFARE FUND,NJ,226257695,501
60,1048,988,EMPLOYEE WELFARE BENEFIT PLAN OF THE FRATERNAL ORDER OF POLICE - MEMBER BENEFITS TRUST,OR,916532370,501
60,115,55,LOCAL 837 HEALTH AND WELFARE PLAN,PA,231685740,501
59,872,813,BAC LOCAL UNION 15 WELFARE FUND,MO,237386028,501
59,675,616,LABORERS' LOCAL NO. 17 HEALTH BENEFIT FUND,NY,146022217,501
58,1065,1007,IRONWORKERS LOCAL 11 WELFARE FUND,NJ,226041517,501
57,1294,1237,I.U.P.A.T. WELFARE FUND OF WESTERN PENNSYLVANIA,OH,251010829,501
57,612,555,"BRICKLAYERS & ALLIED CRAFTWORKERS LOCAL 2, ALBANY, NY HEALTH BENEFIT FUND",NY,141461803,501
57,366,309,ABATEMENT WORKERS NATIONAL HEALTH AND WELFARE FUND,MI,383023611,501
56,1549,1493,CONSTRUCTION WORKERS' TRUST FUND,MD,526037528,501
56,724,668,U.A. LOCAL UNION NO. 614 HEALTH AND WELFARE FUND,TN,620637976,501
56,519,463,SEIU LOCAL 105 HEALTH AND WELFARE TRUST FUND,WA,271372825,501
56,217,161,EMPLOYERS & CEMENT MASONS LOCAL 90 HEALTH & WELFAR,IL,376040957,501
55,502,447,PLUMBERS LOCAL UNION NO. 16 WELFARE FUND,NE,470403214,502
55,427,372,EMPLOYERS & LABORERS LOCALS 100 & 397 HEALTH & WEL,MO,376060398,501
55,277,222,"BSA-ILA HEALTH, WELFARE & CLINIC FUND",MA,042034907,501
54,3695,3641,STATIONARY ENGINEERS LOCAL 39 HEALTH AND WELFARE PLAN,CA,946171641,501
54,298,244,"BOJANGLES OF WESTERN NORTH CAROLINA, LLC HEALTH AND WELFARE PLAN",NC,562204166,501
54,269,215,CARPET LINOLEUM AND SOFT TILE LOCAL UNION 1926 RETIREE HEALTH REIMBURSEMENT,HI,863434005,501
53,2032,1979,LABORERS' NATIONAL HEALTH AND WELFARE FUND,DC,521601994,501
53,1340,1287,OPERATING ENGINEERS HEALTH & WELFARE TRUST FUND FOR COLORADO,CO,237036156,502
53,725,672,ROCHESTER LABORERS' WELFARE AND SUPPLEMENTAL UNEMPLOYMENT BENEFIT FUND,NY,160821557,501
53,114,61,INTERNATIONAL LONGSHOREMEN'S ASSOCIATION LOCAL 1969 RETIREE HEALTH FUND PLAN,IN,351343644,504
52,2593,2541,SOUTHEASTERN IRONWORKERS HEALTH CARE PLAN,TN,630334002,501
52,1150,1098,AMCU & RFSEU LOCAL 342 WELFARE FUND,NY,111896894,501
52,667,615,METROPOLITAN DC PAVING INDUSTRY EMPLOYEE HEALTH & WELFARE FUND,MD,526098777,501
52,271,219,UPPER PENINSULA PLUMBERS & PIPEFITTERS HEALTH AND WELFARE PLAN,WI,386111803,501
52,99,47,WISCONSIN FUNERAL DIRECTORS ASSOCIATION,WI,390713192,502
52,52,0,KENNEDY CENTER OPERA HOUSE ORCHESTRA/WASHINGTON NATIONAL OPERA ORCHESTRA BENEFITS FUND,VA,521600352,501
51,647,596,NORTHWEST ROOFERS & EMPLOYERS HEALTH & SECURITY PLAN,WA,916030802,501
51,601,550,SEIU MICHIGAN HEALTH AND WELFARE FUND,MI,386061083,501
51,553,502,CEMENT MASONS LOCAL 527 HEALTH & WELFARE TRUST FUND,MO,430650799,501
51,453,402,"UNITED HEALTH AND WELFARE FUND 333 SYLVAN AVENUE SUITE 400 ENGLEWOOD CLIFFS, NJ 07632",NJ,112482174,501
51,429,378,LIMA AREA HEALTH AND WELFARE FUND,OH,346555849,501
51,51,0,SICKNESS & ACCIDENT INSURANCE FUND OF LOCAL 235 GRAPHIC COMMUNICATIONS,MO,436216677,501
50,25895,25845,UFCW & EMPLOYERS BENEFIT TRUST,CA,946078804,502
50,743,693,HRA PLAN,MA,261227271,501
50,706,656,OPERATING ENGINEERS LOCAL UNION NO. 147 HEALTH FUND,VA,546079967,501
50,516,466,NORTHERN CALIFORNIA TILE INDUSTRY HEALTH & WELFARE TRUST FUND,CA,946173454,501
50,179,129,HEAT & FROST INSULATORS LOC NO. 33 HEALTH PLAN,CT,061078051,501
50,129,79,INSULATORS LOCAL 41 RETIREE INSURANCE FUND,OH,204957423,501
49,116,67,DETROIT BAKERS LOCAL 326 HEALTH & WELFARE FUND,MI,386114034,501
48,1433,1385,IBEW LOCAL NO. 82 HEALTH & WELFARE FUND,WV,316084151,501
48,918,870,TWIN CITIES BAKERY WORKERS HEALTH AND WELFARE FUND,MN,411400411,501
48,838,790,ILLINOIS STATE PAINTERS WELFARE FUND,IL,366053429,501
48,673,625,PLUMBERS & STEAMFITTERS LOCAL 43 H & W FUND,TN,620717969,501
48,364,316,SHEET METAL WORKERS LOCAL NO. 71 INDUSTRY WELFARE TRUST FUND,NY,160864434,501
47,1055,1008,TEAMSTERS UNION NO. 142 HEALTH AND WELFARE TRUST FUND,IN,350918199,501
47,984,937,WESTERN STATES HEALTH AND WELFARE TRUST FUND OF THE OPEIU,OR,936028906,501
47,482,435,I.B.E.W. LOCAL UNION #654 HEALTH AND WELFARE FUND,NJ,231613860,501
47,293,246,LABORERS LOCAL 754 WELFARE FUND,NY,131895923,501
47,275,228,"UNION OF ROOFERS, WATERPROOFERS & ALLIED WORKERS, LOCAL NO. 44 WELFARE FUND",OH,346621298,501
46,892,846,MINNESOTA TEAMSTERS CONSTRUCTION DIVISION HEALTH AND WELFARE FUND,MN,416187746,501
46,799,753,FOX VALLEY SHEET METAL HEALTH FUND,WI,396095127,501
46,491,445,LOUISIANA LABORERS HEALTH & WELFARE FUND,TN,726031293,501
45,607,562,CONSTRUCTION & GENERAL LABORERS' LOCAL 190 WELFARE FUND,NY,141424790,501
44,1147,1103,WASHINGTON WHOLESALERS HEALTH AND WELFARE FUND,PA,526057761,501
43,394,351,GLAZING HEALTH AND WELFARE TRUST,NV,886023293,502
43,357,314,LYLE HUGHART WELFARE FUND,OK,736094616,501
43,296,253,PLUMBERS LOCAL UNION NO. 519 HEALTH AND WELFARE FUND,FL,596134291,501
43,182,139,PLUMBERS LOCAL 360 HEALTH AND WELFARE FUND,IL,371194764,501
43,146,103,"VENTRE MEDICAL ASSOCIATES, LLC DBA MY PSYCHIATRIST EMPLOYEE WELFARE BENEFITS PLAN",FL,274602380,510
42,528,486,ARKANSAS PIPE TRADES HEALTH AND WELFARE FUND,OK,716076840,501
42,126,84,"BAC LOCAL #5, NEW YORK WELFARE FUND",NY,146022899,501
41,890,849,DULUTH BUILDING TRADES HEALTH AND WELFARE FUND,MN,416025701,501
41,674,633,HEAT & FROST INSULATORS AND ALLIED WORKERS LOCAL 6 H & W FUND,MA,046374403,501
41,561,520,TWO CHAIRS BEHAVIORAL HEALTH GROUP HEALTH & WELFARE BENEFIT PLAN,CA,815119771,501
41,351,310,SHEET METAL WORKERS LOCAL 218 WELFARE FUND,IL,431656591,501
41,206,165,IBEW LOCAL 607 HEALTH AND WELFARE FUND,NJ,246021385,501
40,1675,1635,TEXAS IRON WORKERS' HEALTH BENEFIT FUND,TX,746038639,501
40,748,708,NEW JERSEY B.A.C. HEALTH FUND,NJ,222945933,501
40,445,405,AMERICA'S FAMILY WELFARE FUND,NY,160840561,501
40,321,281,IRON WORKERS LOCAL 28 HEALTH & WELFARE FUND,VA,546068836,501
40,305,265,PRCL WORLD GROUP HEALTH PLAN,UT,883689449,501
40,291,251,LABORERS LOCAL 235 WELFARE FUND,NY,131777458,501
39,26664,26625,HEALTH CARE EMPLOYEES/EMPLOYER DENTAL AND MEDICAL TRUST,CA,942356343,501
39,1148,1109,SOUTHERN CALIFORNIA LOCAL 831 - EMPLOYER HEALTH FUND,CA,956047878,501
39,1043,1004,CHICAGO AREA JOINT WELFARE COMMITTEE FOR THE POINTING CLEANING & CAULKING INDUSTRY,IL,362344463,501
39,258,219,ALTON IBEW-NECA HEALTH AND WELFARE FUND LOCAL 649,MO,200221802,501
38,438,400,LOCAL 665 I.A.T.S.E. HEALTH & WELFARE PLAN,HI,990228405,501
38,361,323,JOURNEYMEN & APPRENTICES OF LOCAL 188 HEALTH & WEL,FL,237009355,501
38,326,288,SOUTHWORTH INTERNATIONAL GROUP EMPLOYEE BENEFITS PLAN,ME,010419894,502
38,317,279,TEAMSTERS LOCAL NO. 455 HEALTH AND WELFARE FUND,CO,846030963,501
38,225,187,PLUMBERS & STEAMFITTERS LOCAL 247 HEALTH & WELFARE FUND,TN,726041321,501
38,99,61,CEMENT MASONS LOCAL NO. 111 HEALTH & WELFARE FUND,NY,166095037,501
37,3722,3685,"PLUMBERS' WELFARE FUND, LOCAL 130, U.A.",IL,364026252,501
37,781,744,JOURNEY HEALTH SYSTEM HEALTH AND WELFARE PLAN,PA,250965291,501
37,638,601,THE 170 GROUP INSURANCE BENEFITS TRUST,CA,953136353,501
37,589,552,B.A.C. LOCAL NO 3 HEALTH AND WELFARE PLAN,CA,237034407,501
37,100,63,NORTH CAROLINA FORESTRY ASSOCIATION HEALTH AND WELFARE TRUST PLAN,NC,936757649,501
36,2691,2655,PRINTING SPECIALTIES AND PAPER PRODUCTS JOINT EMPLOYER AND UNION HEALTH AND WELFARE FUND,WA,956035137,501
36,848,812,"ST. PAUL AUTO DEALERS AND DISTRICT LODGE NO. 77, IAMAW JOINT FUND",MN,416023455,502
36,321,285,IBEW LOCAL UNION NO. 237 HEALTH AND WELFARE FUND,NY,160834222,501
36,271,235,HEALTH & WELFARE FUND OF LOCAL UNION 373 U.A.,NY,133593163,501
35,1566,1531,COLORADO LABORERS' HEALTH AND WELFARE TRUST FUND FOR COLORADO,CO,846049226,501
35,350,315,INTERNATIONAL UNION OF PAINTERS AND ALLIED TRADES LOCAL NO. 47 HEALTH AND WELFARE FUND,IN,356277430,501
35,311,276,UNITED PLANT & PRODUCTION WORKERS LOCAL 175 WELFARE FUND,NY,134321969,501
35,154,119,HEALTH & WELFARE FUND OF ROOFERS LOCAL NO. 22,NY,237381527,501
35,109,74,ASBESTOS WORKERS SYRACUSE WELFARE FUND,NY,156022551,501
34,2313,2279,HAWAII TEAMSTERS HEALTH & WELFARE PLAN,HI,996009135,501
34,1352,1318,LOCAL 888 HEALTH FUND,NJ,131564856,501
34,854,820,MINNESOTA CEMENT MASONS HEALTH AND WELFARE FUND,MN,416187748,501
34,627,593,SOUTHERN CALIFORNIA FLOOR COVERING HEALTH AND WELFARE TRUST FUND,CA,956096726,575
33,4466,4433,UNITED FOOD AND COMMERCIAL WORKERS LOCAL 1546 HEALTH AND WELFARE FUND,IL,362139906,501
33,819,786,I.B.E.W. LOCAL 1049 CRAFT DIVISION HEALTH & WELFARE FUND,NY,116043757,501
33,429,396,COLORADO FINISHING TRADES HEALTH & WELFARE FUND,IL,840837011,501
33,405,372,HEALTH AND WELFARE FUND OF THE EXCAVATING GRADING,IL,366073848,501
33,97,64,ARA PENSION & WELFARE PLAN,CA,136083690,501
33,75,42,PRINTERS PUBLISHERS AND MEDIA WORKERS BENEFIT FUND,NJ,135624635,501
32,261,229,OPERATING ENGINEERS LOCAL 474 HEALTH & WELFARE FUND,TN,586066594,501
32,111,79,INTERNATIONAL UNION OF BRICKLAYERS AND ALLIED CRAFTSMEN LOCAL 8 NY WELFARE PLAN,NY,166058900,501
31,3548,3517,AUTOMOTIVE INDUSTRIES WELFARE PLAN,CA,946078226,501
31,2572,2541,UNITED FOOD & COMMERCIAL WORKERS LOCAL 1000 OKLAHOMA HEALTH AND WELFARE FUND,FL,020642001,501
31,902,871,TEAMSTERS LOCAL UNIONS 401 AND 773 HEALTH PLAN,PA,232024270,501
31,96,65,LOCAL 653 WELFARE FUND,IL,363378526,501
30,882,852,GROUP INSURANCE PLAN FOR THE MEMBERS OF PROFESSION HOCKEY PLAYERS ASSOCIATION/AMERICAN HOCKEY LEAGUE,,911820950,501
30,583,553,IMPERIAL HSG LLC HEALTH INSURANCE,PA,830679360,501
30,346,316,ALASKA PIPE TRADES ASSOCIATION - U.A. LOCAL NO. 375 HEALTH AND SECURITY TRUST FUND,OR,920023819,532
30,158,128,"JOGAN HEALTH, LLC HEALTH AND WELFARE PLAN",CO,854008940,501
30,30,0,NEW ORLEANS EMPLOYERS INTERNATIONAL LONGSHOREMEN'S ASSOCIATION AFL-CIO WELFARE FUND PLAN 502,LA,720570875,502
29,1223,1194,MINNEAPOLIS AUTO DEALERS EMPLOYEE BENEFIT FUND,MN,416011699,501
29,661,632,TEAMSTERS LOCAL NO. 469 WELFARE PLAN,NJ,221552880,501
29,318,289,LOCAL 325 JOINT TRUST FUND,NY,150626264,501
29,257,228,ALABAMA LABORERS' HEALTH AND WELFARE FUND,TN,237048018,501
29,187,158,LOCAL 400 FOOD TERMINAL EMPLOYEE WELFARE FUND,OH,346727973,501
29,63,34,FIVE POINTS STUDENT,TX,333912714,501
29,29,0,LOCAL UNION 725 OF THE IBEW RETIREMENT WELFARE TRU,IN,476286519,501
28,765,737,BUFFALO LABORERS WELFARE FUND,NY,160806902,501
28,420,392,LABORERS UNION LOCAL 1174 HEALTH AND WELFARE FUND,PA,240856734,501
28,335,307,"LANDSCAPE, IRRIGATION AND LAWN SPRINKLER INDUSTRY HEALTH AND WELFARE BENEFITS TRUST",CA,954418990,501
27,529,502,PLUMBERS & FITTERS LOCAL UNION NO. 110 BENEFIT TRUST FUND,VA,546058147,501
27,252,225,"DOUBLE A DAIRY, LLC",ID,203150154,501
26,463,437,SAN DIEGO COUNTY THEATRICAL GROUP INSURANCE TRUST HEALTH AND WELFARE FUND,CA,956601791,501
25,1307,1282,MICHIANA AREA ELECTRICAL WORKERS PLAN 4 TRUST,MI,821241822,501
25,509,484,TEAMSTERS LOCAL 922 - EMPLOYER HEALTH TRUST,MD,521158708,575
25,446,421,HEAT AND FROST INSULATORS LOCAL 34 HEALTH & WELFARE PLAN,MN,416263066,501
25,350,325,PAINTERS AND ALLIED TRADES DISTRICT COUNCIL 81 HEALTH AND WELFARE FUND,IA,421495375,501
25,258,233,SHEET METAL WORKERS LOCAL 112 WELFARE FUND,NY,166052225,501
24,3326,3302,UFCW LOCAL 1262 & EMPLOYERS HEALTH & WELFARE FUND,NJ,237042767,501
24,844,820,MONTANA RETAIL STORE EMPLOYEES HEALTH AND WELFARE PLAN,WA,810305103,501
24,796,772,INTERNATIONAL UNION OF OPERATING ENGINEERS LOCAL 98 HEALTH AND WELFARE FUND,MA,042123707,501
24,251,227,UNION MUTUAL MEDICAL FUND HEALTH PLAN,NY,222241328,501
23,813,790,IATSE & MVG PICTURE MACHINE OPERATORS OF US & CANA & WELFARE PLAN,TN,621122780,501
23,549,526,ROOFERS LOCAL 20 HEALTH & WELFARE FUND,MO,446013920,501
23,187,164,"MARQUIS MANAGEMENT, LLC HEALTH & WELFARE PLANS",NH,814682821,501
23,147,124,SCREEN MACHINE INDUSTRIES LLC HEALTH & WELFARE BENEFITS,OH,463329292,501
23,93,70,PLASTERERS' & CEMENT MASONS' LOCAL 148 HEALTH AND WELFARE FUND,TN,230397547,501
22,1243,1221,OPEIU LOCALS 30 AND 537 HEALTH AND WELFARE FUND,CA,956047601,501
22,1148,1126,TENNESSEE VALLEY OPERATING ENGINEERS HEALTH FUND,TN,237153308,501
22,856,834,THE AGMA HEALTH FUND,PA,132643045,501
22,304,282,PLUMBERS & FITTERS LOCAL UNION 295 WELFARE PLAN,FL,596134281,501
22,189,167,I.B.E.W. LOCAL NO. 106 HEALTH & WELFARE FUND,NY,237091957,501
22,160,138,PLUMBERS AND PIPEFITTERS LOCAL 551 HEALTH AND WELF,IL,371085225,501
21,16295,16274,LABOR ALLIANCE MANAGED TRUST FUND,CA,943217575,501
21,1236,1215,ROOFERS LOCAL NO. 96 HEALTH AND WELFARE FUND,MN,237159947,501
21,503,482,SHOPMEN'S IRON WORKERS HEALTH AND WELFARE TRUST FUND,CA,237252041,501
21,421,400,TEAMSTERS LOCAL NO. 35 HEALTH PLANS,NJ,221804923,501
20,765,745,UAW GROUP HEALTH AND WELFARE PLAN,NJ,223789539,501
20,248,228,BRICKLAYERS UNION LOCAL NO. 6 OF INDIANA WELFARE F,IN,350940329,501
20,181,161,UA LOCAL 177 PLUMBERS & STEAMFITTERS HEALTH & WELFARE FUND,TN,580665496,501
20,164,144,INSULATORS LOCAL 23 HEALTH AND WELFARE PLAN,PA,237366317,501
20,133,113,LANSING LOCAL 826 GLAZIERS HEALTH & WELFARE TRUST,MI,386148724,501
20,120,100,OPERATING ENGINEERS LOCAL 148 HEALTH AND WELFARE TRUST,MO,436058032,501
19,1249,1230,IRON WORKERS OF WESTERN PA WELFARE PLAN,PA,256181473,501
19,934,915,THE LANGDALE COMPANY FLEXIBLE BENEFITS PLAN,GA,580542427,501
19,896,877,BRICKLAYERS INSURANCE AND WELFARE FUND,NY,131575218,501
19,784,765,IBEW HEALTH AND WELFARE TRUST OF SOUTHWEST WASHINGTON HEALTH CARE BENEFITS PLAN,WA,237158640,501
19,308,289,NEW YORK OIL HEATING INSURANCE FUND,NY,135668120,501
19,266,247,RAFFERTY'S INC. EMPLOYEE BENEFIT PLAN,KY,610985188,502
19,120,101,INTERCITY INSURANCE FUND PLAN,NY,135672542,501
18,2925,2907,UFCW HEALTH INSURANCE PLAN FOR RETIREES,DC,811529180,502
18,1298,1280,INTERNATIONAL ASSOCIATION OF MACHINISTS DISTRICT 15 HEALTH FUND,NJ,135598021,501
18,837,819,IBEW LOCAL NO. 9 AND LINE CLEARANCE CONTRACTORS HEALTH & WELFARE FUND,MI,363332983,501
18,738,720,LABORERS A.G.C. TRUST OF MONTANA,WA,811094866,501
18,635,617,"THE CHILDRENS AID SOCIETY HEALTH, DENTAL, VISION",NY,135562191,507
18,558,540,BEER INDUSTRY LOCAL UNION NO. 703 HEALTH & WELFARE,IL,366051305,501
18,490,472,SEIU LOCAL 1-MISSOURI BENEFIT SERVICES TRUST,MO,430514606,501
18,402,384,TM RTA MANAGEMENT GROUP HEALTH PLAN,TN,814122983,501
18,247,229,IBT LOCAL 145 HEALTH SERVICES AND INSURANCE FUND,CT,060711441,501
18,188,170,IBEW LOCAL #241 WELFARE BENEFITS PLAN,NY,150347948,501
18,175,157,SHEET METAL WORKERS LOCAL #58 WELFARE FUND,NY,150564137,501
18,93,75,RDWA WELFARE FUND UNION NO. 10,NJ,221512145,501
18,91,73,LITHOGRAPHERS & PHOTOENGRAVERS LOCAL285 WELFARE FU,MD,237237228,501
17,3108,3091,TEAMSTERS LOCAL 251 HEALTH SERVICES AND INSURANCE PLAN,RI,050367950,501
17,942,925,CEMENT MASONS & PLASTERERS LOCAL 518 HEALTH CARE FUND,MO,436039075,501
17,681,664,UFCW HEALTH INSURANCE PLAN FOR ACTIVE EMPLOYEES,DC,811516666,501
17,181,164,"DARK HORSE COMICS, LLC. EMPLOYEE BENEFIT PLAN",OR,930978055,501
17,122,105,BUILDING SERVICE EMPLOYEES INSURANCE HEALTH AND WELFARE PLAN,MO,237044568,501
17,107,90,"FORT WAYNE WIRE DIE, INC. HEALTH AND WELFARE BENEFIT PLAN",IN,350799416,501
16,916,900,"IRON WORKERS TRUST FUND LOCAL NO. 5 WASHINGTON, DC, WELFARE FUND",WA,526057762,501
16,745,729,PROGRAM OF INSURANCE BENEFITS FOR HOURLY EMPLOYEES OF THE CLEVELAND-CLIFFS IRON COMPANY AND ITS ASSOCIATED EMPLOYERS,OH,340677332,504
16,598,582,PITTSBURGH BUILDING OWNERS WELFARE FUND,PA,256048835,501
16,480,464,INT'L ALLIANCE OF THEATRICAL STAGE EMPLOYEES LOCAL 22 WELFARE,MD,521021473,501
16,406,390,IBEW LOCAL 40 - NECA HEALTH & WELFARE TRUST FUND,CA,954660513,501
16,363,347,YOUNGSTOWN AREA ELECTRICAL WELFARE FUND,OH,340835041,501
16,359,343,ICI HOMES RESIDENTIAL HOLDINGS LLC,FL,472689230,501
16,176,160,"FOOD MANAGEMENT INVESTORS, INC. GROUP BENEFIT PLAN",ND,450417148,501
16,69,53,GENERAL TEAMSTERS & EMPLOYERS TRUST FUND,CA,956060456,501
15,5854,5839,"UNITE HERE LOCAL 25 AND HOTEL ASSOCIATION OF WASHINGTON, D.C. HEALTH AND WELFARE FUND",MD,362941623,501
15,756,741,HOLLOW METAL TRUST FUND,NY,112750720,501
15,659,644,BAKERS UNION LOCAL 37 HEALTH & WELFARE FUND,NY,956048924,501
15,387,372,ROOFERS LOCAL 241 INSURANCE FUND,NY,510244401,501
15,69,54,GRAPHIC COMMUNICATIONS INT'L UNION LOCAL 119B NY PRINTERS LEAGUE WELFARE TRUST FUND,NY,135623497,501
14,433,419,SHEET METAL WORKERS LOCAL UNION NO 1 WELFARE TRUST,IL,370810664,501
14,356,342,PLUMBERS AND PIPEFITTERS LOCAL UNION NO. 803 HEALTH AND WELFARE FUND,FL,596152618,501
14,286,272,INTERNATIONAL LONGSHOREMEN'S ASSOCIATION LOCAL 2038 WELFARE FUND,IN,351540931,501
14,173,159,INTERNATIONAL ASSOCIATION OF HEAT AND FROST INSULATORS & ALLIED WORKERS LOCAL 3 HEALTH AND WELFARE TRUST,OH,341286578,501
14,113,99,CMTA - BOILERMAKER - BLACKSMITH EMPLOYEE BENEFITS TRUST FUND,CA,946401538,501
14,71,57,TEAMSTERS LOCAL 610 PRESCRIPTICARE TRUST,MO,436127748,501
13,1359,1346,MACHINISTS HEALTH & WELFARE TRUST FUND,WA,911363505,501
13,1035,1022,TEAMSTERS LOCAL 331 HEALTH & WELFARE TRUST FUND,NJ,236737795,501
13,616,603,POLYMER ENTERPRISES WELFARE BENEFIT PLAN,PA,250650190,501
13,307,294,LIBERTY CASTING CO WELFARE BENEFIT PLAN,OH,450508423,510
13,302,289,WELFARE FUND OF LOCAL 785 OF LABORERS INTERNATIONAL UNION,NY,166054286,501
13,242,229,TUSCALOOSA PLUMBERS & STEAMFITTERS LOCAL 372 WELFARE FUND,AL,630267566,501
13,230,217,"SHEET METAL, AIR, RAIL & TRANSPORTATION ASSOC. LOCAL NO. 33 YOUNGSTOWN DISTRICT HEALTH AND WELFARE FUND",OH,346751847,501
13,215,202,NORTHERN CALIFORNIA UFCW WHOLESALE HEALTH & WELFAR,CA,943218766,501
13,206,193,HAWAII GLAZIERS HEALTH AND WELFARE TRUST FUND,CA,996017331,501
13,120,107,HAWAII INSULATORS HEALTH & WELFARE PLAN,HI,996017123,501
13,24,11,ALLIED INDUSTRIES LOCAL 427 WELFARE FUND,NY,237170500,501
12,932,920,"PROFESSIONAL MUSICIANS, LOCAL 47 AND EMPLOYERS' HEALTH AND WELFARE FUND",CA,952645284,501
12,681,669,ROAD CARRIERS LOCAL 707 WELFARE FUND,NY,112159859,501
12,644,632,ROOFERS UNION LOCAL 30 COMBINED HEALTH AND WELFARE FUND,MI,232258631,501
12,545,533,OPERATING ENGINEERS LOCAL 112 HEALTH & WELFARE TRUST,IN,261382332,501
12,375,363,FIRST HELP FINANCIAL LLC EMPLOYEE BENEFITS PLAN,MA,383739185,501
12,299,287,WAREHOUSEMEN'S HEALTH AND WELFARE FUND,CA,956068285,501
12,282,270,TEAMSTERS LOCAL 491 HEALTH AND WELFARE FUND,PA,251011380,501
12,153,141,UNITED FOOD AND COMMERCIAL WORKERS ALLIED TRADES TRUST FUND,FL,956047046,501
12,76,64,OPERATIVE PLASTERERS AND CEMENT MASONS LOCAL 29 WELFARE PLAN,NJ,221507478,501
12,67,55,IATSE CINCINNATI STAGE EMPLOYEES LOCAL NO. 5 HEALTH AND WELFARE PLAN,OH,310329926,501
12,44,32,INTERNATIONAL BROTHERHOOD OF ELECTRICAL WORKERS LOCAL #1392 HEALTH & WELFARE FUND,MI,356034831,501
12,18,6,GRAPHIC ARTS INDUSTRY AND GCIU LOCAL 404 HEALTH AND WELFARE TRUST FUND,CA,953442158,501
11,484,473,RETIREE PLAN OF BRICKLAYERS INSURANCE AND WELFARE FUND,NY,131575218,502
11,430,419,"CELLMARK, INC. HEALTH AND WELFARE BENEFITS",CA,680012735,502
11,320,309,PLUMBERS & STEAMFITTERS LOCAL UNION 52 HEALTH AND WELFARE PLAN,AL,237086384,501
11,320,309,OPERATING ENGINEERS LOCAL 312 HEALTH & WELFARE,GA,237102671,501
11,300,289,I.B.E.W. LOCAL 1430 WELFARE FUND,NY,131835737,501
11,215,204,SHEET METAL WORKERS LOCAL NO 15 MEDICAL FUND,TN,596158477,501
11,11,0,BREWERY WORKERS LOCAL 1149 WELFARE FUND,NY,161119654,501
10,382,372,BIRMINGHAM P & S LOCAL UNION NO. 91 WELFARE FUND,AL,630461410,501
10,242,232,UNITED INDEPENDENT UNION WELFARE FUND,NJ,231746532,501
10,242,232,AMERICAN GUILD OF VARIETY ARTISTS WELFARE TRUST FU,NY,131687014,501
10,167,157,"RHETECH, RHETECH COLORS HEALTH AND WELFARE PLANS",MI,381871095,501
10,112,102,MIDWEST CONSTRUCTION & DISTRIBUTION INDUSTRY BENEFIT TRUST,MN,416175413,501
10,107,97,MULTICON BUILDERS INC WELFARE BENEFIT PLAN,OH,310943691,505
10,81,71,"CMTA-GLASS, MOLDERS, POTTERY, PLASTICS & ALLIED WORKERS LOCAL 164B WELFARE PLAN",CA,946115375,501
10,32,22,COLORADO PLASTERERS AND CEMENT MASONS HEALTH BENEFIT FUND,NM,201012827,501
9,1273,1264,TEAMSTERS LOCAL UNION NO. 115 HEALTH AND WELFARE FUND,PA,231716164,501
9,1172,1163,TWIN CITIES BAKERY DRIVERS HEALTH & WELFARE FUND,MN,416027254,501
9,861,852,LOCAL 1205 WELFARE FUND,NY,111586595,501
9,734,725,ALLIED SECURITY HEALTH & WELFARE FUND,NY,132738779,501
9,531,522,NORTHWEST INSULATION WORKERS WELFARE TRUST,WA,916035786,501
9,316,307,NILE LIVING HEALTH AND WELFARE BENEFITS,OR,824165252,501
9,153,144,"HUGHES & COLEMAN, PLLC LIFE PLAN",KY,274392229,501
9,127,118,DECORATORS UNION LOCAL 17 HEALTH AND WELFARE FUND,IL,364143124,501
9,82,73,"WOODCRAFT, INC. WELFARE PLAN",TN,621036107,501
9,61,52,INTERNATIONAL ASSOCIATION OF HEAT AND FROST INSULATORS AND ALLIED WORKERS LOCAL NO. 26 WELFARE PLAN,NY,223050907,501
8,456,448,CENTRAL IOWA SHEET METAL WORKERS HEALTH FUND,IA,421378576,501
8,284,276,"MAGNOLIA CAPITAL MANAGEMENT COMPANY, INC. HEALTH AND WELFARE BENEFIT PLAN",IL,813604920,501
8,279,271,BUILDING SERVICES LOCAL 2 - WELFARE FUND,NY,111831226,501
8,143,135,LOCAL 522 WELFARE FUND - ROOFERS DIVISION,NY,111854964,501
8,109,101,NOVA VENTURES GROUP CORP. MEDICAL PLAN,MA,272321831,502
8,105,97,PRESQUE ISLE ELECTRIC & GAS COOPERATIVE HEALTH AND WELFARE PLAN,MI,380941545,501
8,52,44,MAILERS'-PUBLISHERS' WELFARE TRUST FUND,NY,136094926,501
8,16,8,SOUTHWEST MARINE WELFARE TRUST,CA,951935595,501
7,5613,5606,TEAMSTERS LOCAL 210 AFFILIATED HEALTH & INSURANCE FUND,NY,205003549,501
7,3024,3017,IUOE LOCAL 30 BENEFITS FUND,NY,132873303,501
7,2179,2172,LOCAL 22 HEALTH FUND,NY,131805529,501
7,2145,2138,IBEW LOCAL NO 640 & AZ CHAPTER NECA H&W TRUST FUND,AZ,866052414,501
7,1210,1203,PIPE TRADES TRUST OF THE NORTHERN ROCKY MOUNTAIN AREA,WA,816009567,501
7,935,928,HEALTH AND WELFARE TRUST LOCAL NO. 743,IL,366076696,501
7,602,595,PLUMBERS & STEAMFITTERS LOCAL 141 H & W FUND,LA,720800067,501
7,492,485,U.F.C.W. LOCAL 1529 RETIREE FUND,TN,461465087,501
7,327,320,U.F.C.W. UNION AND EMPLOYERS CALUMET REGION INSURANCE FUND,IL,351065816,501
7,234,227,"TRADE FINANCE INTERNATIONAL, INC. HEALTH AND WELLNESS PLAN",TN,621067028,502
7,207,200,"UNITED UNION OF ROOFERS, WATERPROOFERS, & ALLIED WORKERS, LOCAL 154 WELFARE FUND",NY,111670612,501
7,206,199,PLUMBERS & FITTERS LOCAL 101 HEALTH & WELFARE FUND,IL,376146889,502
7,114,107,GILA VALLEY FARMS,AZ,860995715,501
7,105,98,I.A.T.S.E. LOCAL 3 WELFARE FUND,PA,256063610,501
7,100,93,"COVENANT REIT HOLDCO, LLC DBA 1031 MANAGED PROPERTIES EMPLOYEE BENEFITS PLAN",OR,923065015,501
7,55,48,SOUTH CENTRAL LABORERS H&W FUND,TN,726029088,501
7,24,17,GCIU LOCAL 612M EMPLOYER CONTRIBUTED WELFARE PLAN,NJ,226063847,501
6,15079,15073,MIDWEST OPERATING ENGINEERS WELFARE FUND,IL,366109395,501
6,3585,3579,ILWU LOCAL 142 HEALTH AND WELFARE PLAN,HI,202076868,501
6,1248,1242,A.F.OF L. - A.G.C. BUILDING TRADES WELFARE PLAN,AL,630327100,501
6,445,439,TEAMSTERS OHIO CONTRACTORS ASSOCIATION HEALTH AND WELFARE FUND,OH,310894937,501
6,323,317,WAREHOUSE EMPLOYEES UNION LOCAL NO.730 HEALTH AND WELFARE TRUST FUND,MD,526058419,501
6,293,287,BAKERS UNION AND FOOD EMPLOYERS LABOR RELATIONS ASSOCIATION HEALTH AND WELFARE PLAN,MD,260000485,501
6,217,211,FULTON FISH MARKET WELFARE FUND,NY,135562786,502
6,160,154,SOUTHERN STATES BANK HEALTH - 2021,AL,208866792,510
6,118,112,ATLAS TUBE TEAMSTERS LOCAL UNION NO. 731 HEALTH FUND,IL,376666636,501
6,84,78,LOCAL 381 GROUP INSURANCE FUND,NY,136119572,501
6,43,37,CLEVELAND LONGSHOREMEN'S WELFARE FUND,OH,340931020,501
6,40,34,IRON WORKERS LOCAL 580 SHOP WELFARE FUND,NY,135552901,501
6,27,21,BMWE HEALTH & WELFARE PLAN FOR OCCUPATIONALLY DISABLED MEMBERS,TN,412122976,501
5,2700,2695,INTERNATIONAL BROTHERHOOD OF BOILERMAKERS GREAT LAKES REGION RETIREE WELFARE PLAN,MI,261936417,501
5,839,834,CHICAGO TRUCK DRIVERS UNION HEALTH & WELFARE FUND,IL,366598154,501
5,653,648,LOCAL 808 I. B. T. HEALTH & WELFARE FUND,NY,237218454,501
5,503,498,LOCAL 807 LABOR-MANAGEMENT HEALTH FUND,NY,135548780,501
5,206,201,ROOFERS UNION LOCAL 221 HEALTH & WELFARE PLAN,HI,996006907,501
5,137,132,PUBLISHERS - PRESSMENS WELFARE FUND,NY,136116945,501
5,122,117,INDUSTRY & LOCAL 338 WELFARE FUND,MD,131818220,501
5,54,49,INTERNATIONAL LONGSHOREMEN'S ASSOCIATION LOCAL 1969 HEALTH AND WELFARE PLAN,IN,351343644,501
5,30,25,HEALTH & WELFARE FUND LU 485,NY,112026238,501
4,852,848,CEDAR RAPIDS ELECTRICAL WORKERS LOCAL #405 HEALTH AND WELFARE FUND,IA,237091120,501
4,399,395,METAL POLISHERS UNION LOCAL 8A-28A WELFARE FUND,NY,135624028,501
4,244,240,"PARASOL GROUP, INC. HEALTH AND WELFARE PLAN",UT,822051845,501
4,216,212,OFFICE EMPLOYEES INSURANCE TRUST FUND OF CALIFORNI,CA,946102898,501
4,199,195,MID-JERSEY TRUCKING INDUSTRY AND TEAMSTERS LOCAL 701 WELFARE FUND,NJ,221594458,501
4,199,195,DELAWARE STANDARDBRED OWNERS ASSOCIATION HEALTH BENEFITS PLAN,DE,522027153,501
4,126,122,SHOPMEN IRON WORKERS WELFARE PLAN OF PHILADELPHIA & VICINITY,PA,236294355,501
4,55,51,QUAD CITIES HEALTH AND WELFARE,IL,363134423,501
4,49,45,SEIU LOCAL 1 HEALTH MAINTENANCE FUND,IL,363245901,501
4,8,4,PROBJPY02T12,,273640652,042
3,10694,10691,SOUTHERN CALIFORNIA PIPE TRADES HEALTH & WELFARE FUND,CA,951867598,501
3,3082,3079,IBEW VEBA HEALTH SAVINGS PLAN,WI,273644999,505
3,1876,1873,UNITED FOOD & COMMERCIAL WORKERS HEALTH & WELFARE FUND OF NORTHEASTERN PENNSYLVANIA,PA,237428852,501
3,983,980,"SUP WELFARE PLAN, INC.",CA,941243666,502
3,785,782,FERTILITY HOLDINGS WELFARE WRAP BENEFIT PLAN,CA,861208750,502
3,713,710,TEAMSTERS UNION HEALTH AND WELFARE FUND TRUST,PR,660254909,501
3,587,584,SERVICE EMPLOYEES INTERNATIONAL UNION LOCAL 1 CLEVELAND WELFARE FUND,OH,340820618,501
3,457,454,BOT ALASKA PIPE TRADES U.A. 367 HEALTH AND SECURITY PLAN,AK,920035263,501
3,304,301,SMHCV EMPLOYEE HEALTH & WELFARE PLAN,ID,820226453,504
3,238,235,PLUMBERS & STEAMFITTERS LOCAL 131 HEALTH AND WELFARE FUND,CT,516146108,501
3,202,199,UFCW - HAWAII FOOD EMPLOYERS RETIREE HEALTH AND WELFARE PLAN,CA,010757287,502
3,149,146,"CODAC, INC. EMPLOYEE BENEFITS PLAN",RI,050414696,501
3,132,129,IUJAT LOCAL 175 BENEFIT FUND,NY,261392994,501
3,121,118,CLAIBORNE HAULING EMPLOYEE BENEFIT PLAN,TN,200212098,501
3,74,71,IRON WORKERS LOCAL NO. 568 HEALTH AND WELFARE PLAN,MD,526112461,501
3,30,27,BRICKLAYERS AND ALLIED CRAFTWORKERS FLEXIBLE BENEFITS PLAN,DC,522107019,501
3,3,0,TRUSTEES OF THE GARAGE AND PARKING LOT EMPLOYEES WELFARE FUND LOCAL 700,DC,236390783,501
2,453,451,"SHEET METAL, AIR, RAIL TRANSPORTATION NO.27 HEALTH",NJ,221538529,501
2,261,259,DETROIT AUTOMOTIVE TECHNOLOGIES,MI,200471829,501
2,185,183,SHEET METAL WORKER'S UNION LOCAL 29 DISABILITY TRUST FUND,KS,480413828,501
2,181,179,DEALERS-UNIONS INSURANCE FUND,OH,346529808,501
2,142,140,GALE BANKS ENGINEERING WELFARE BENEFITS PLAN,CA,952687960,501
2,72,70,"INTERNATIONAL ASSOCIATION OF HEAT, FROST ALLIED WORKERS LU 91 WELFARE",NY,237086241,501
2,40,38,ATLANTIC COAST HEALTH PLAN,VA,540806028,502
2,36,34,CHICAGO FEDERATION OF MUSICIANS EMPLOYERS WELFARE,IL,362522545,501
2,13,11,LOCAL 364/48 HEALTH & WELFARE TRUST FUND,OH,237297347,501
2,8,6,PROBMINDY,,366666666,040
2,6,4,PROBUSLORTZY20T24,,237955305,014
2,6,4,PROBUSKOCIMY91T25,,276100000,060
2,6,4,PROBUSJPY20T24,,273640652,070
2,6,4,PROBUSCYBERY19T23,,200488721,060
2,6,4,PROBUSBREAKY20T24,,200262626,060
2,6,4,PROBUSAXISY14T20,,200222220,060
1,1506,1505,PIPEFITTERS LOCAL NO. 636 INSURANCE FUND,MI,386447252,501
1,1183,1182,NORTHERN MINNESOTA-WISCONSIN AREA RETAIL FOOD HEALTH AND WELFARE FUND,MN,416175286,501
1,936,935,HOTEL AND RESTAURANT EMPLOYEES HEALTH AND WELFARE TRUST FUND,CA,941229312,501
1,572,571,PAINTING INDUSTRY OF HAWAII HEALTH AND WELFARE PLAN,HI,996007611,501
1,483,482,VOLM HEALTH INSURANCE,WI,390872639,503
1,432,431,LOCAL UNION 903 I.B.E.W. HEALTH AND WELFARE PLAN,AL,646034436,501
1,312,311,MERRIMAN'S RESTAURANTS GROUP HEALTH PLAN,HI,990263289,501
1,268,267,ROOFERS UNION LOCAL 30 COMBINED RETIREE HEALTH PLAN,MI,232258631,502
1,189,188,RAFIH AUTO GROUP HEALTH AND WELFARE BENEFIT PLAN,MI,862353183,501
1,145,144,"UAS HOLDINGS, LLC MEDICAL PLAN",SC,843801547,503
1,121,120,TURRI'S UNION WELFARE BENEFIT PLAN,MI,381614915,501
1,112,111,IOFINA CHEMICAL EMPLOYEE BENEFITS PLAN - MEDICAL,KY,311072965,501
1,73,72,GRAPHIC ARTS LOCAL 62B PRINTING INDUSTRIES WELFARE PLAN,NJ,226063285,501
1,21,20,WESTERN LABOR ALLIANCE HEALTH & WELFARE TRUST FUND,CA,911748622,501
1,2,1,LOCAL 33 SAFETY PROFESSIONALS OF AMERICA HEALTH FUND,NY,475262447,501
0,112978,126506,UNITE HERE HEALTH,IL,237385560,501
0,82662,88543,UNITED WELFARE FUND-WELFARE DIVISION,NY,111823976,502
0,49732,53732,TEAMSTERS WESTERN REGION AND NEW JERSEY HEALTH CARE FUND ACTIVE PLAN,AZ,866052021,501
0,36567,51730,WESTERN STATES CARPENTERS HEALTH AND WELFARE PLAN,CA,956042873,501
0,35175,35506,SOUND HEALTH & WELLNESS TRUST,WA,916058475,501
0,34090,35157,ENTERTAINMENT INDUSTRY FLEX PLAN,CA,956832043,501
0,26153,27764,LABORERS HEALTH & WELFARE TRUST FUND FOR SOUTHERN CALIFORNIA,CA,516146048,501
0,25367,28256,SEIU HEALTHCARE NW HEALTH BENEFITS TRUST PLAN,WA,201842198,501
0,24378,30283,UNITED FOOD AND COMMERCIAL WORKERS UNIONS AND EMPLOYERS HEALTH AND WELFARE PLAN - ATLANTA,GA,581283466,501
0,23840,24907,NATIONAL STABILIZATION AGREEMENT OF THE SHEET METAL INDUSTRY ACTIVE EMPLOYEE PLAN,VA,521036457,501
0,20554,26745,MID-AMERICA CARPENTERS REGIONAL COUNCIL HEALTH FUN,IL,366597428,501
0,19365,21293,NEW YORK STATE NURSES ASSOCIATION BENEFITS FUND,NY,237336001,501
0,16889,17583,SEIU LOCAL 2015 LONG TERM CARE WORKERS HEALTH TRUST FUND,CA,204570305,501
0,16554,18826,SEIU HEALTHCARE IL HOME CARE & CHILD CARE FUND,IL,262336180,501
0,16430,18507,SANTA MONICA UNITE HERE HEALTH BENEFIT PLAN,CA,956035138,501
0,13331,13621,GENERAL EMPLOYEES TRUST FUND,CA,237404790,501
0,13307,15130,UNITED FOOD AND COMMERCIAL WORKERS & EMPLOYERS DESERT STATES HEALTH AND WELFARE TRUST,AZ,237244353,501
0,12032,12348,NATIONAL I.A.M. BENEFIT TRUST FUND,DC,366562520,501
0,11482,20998,CENTRAL MIDWEST REGIONAL COUNCIL OF CARPENTERS WEL,MI,450593187,501
0,11078,11633,UFCW LOCAL 1262 AND SHOPRITE WELFARE FUND,NJ,226137317,503
0,10197,10280,CALIFORNIA SERVICE EMPLOYEES HEALTH AND WELFARE TRUST FUND,CA,941206350,501
0,10087,10794,RAILROAD EMPLOYEES NATIONAL HEALTH FLEXIBLE SPENDING ACCOUNT PLAN,VA,521036399,512
0,9353,10491,IBEW - NECA SOUTHWESTERN HEALTH AND BENEFIT FUND,TX,237259768,501
0,9314,10825,UFCW LOCAL 2013 HEALTH & WELFARE FUND,NY,132832806,501
0,8864,8950,ROCKY MOUNTAIN UFCW UNIONS & EMPLOYERS HEALTH BENEFIT PLAN,CO,846044454,501
0,8362,8500,MEDICAL EXPENSE REIMBURSEMENT PLAN OF THE PORAC RETIREE MEDICAL TRUST,CA,237077256,503
0,8165,8374,UFCW LOCAL ONE ACTIVE HEALTH CARE FUND,NY,160915820,501
0,7977,8197,AFL HOTEL & RESTAURANT WORKERS HEALTH & WELFARE PLAN,HI,996008823,501
0,7706,7774,EIGHTH DISTRICT ELECTRICAL BENEFIT FUND,NV,840730298,501
0,7068,7383,ITPEU HEALTH & WELFARE FUND,GA,581236802,501
0,6834,6834,LOCAL 272 WELFARE FUND,NY,135555808,501
0,6687,6740,LOCAL 338 BENEFITS FUND,NY,136313146,502
0,6430,6464,UFCW LOCAL 1995 AND EMPLOYER HEALTH AND WELFARE FUND,GA,586055205,501
0,6096,6169,NORTHWEST SHEET METAL WORKERS HEALTH AND WELFARE PLAN,WA,910589283,501
0,5979,6850,LOCAL NO. 1 HEALTH FUND,IL,362525603,501
0,5661,6456,IBEW LOCAL 613 & CONTRIB EMPLOYERS FAMILY HEALTH,GA,586042175,501
0,5385,5497,UNITED FOOD AND COMMERCIAL WORKERS UNION LOCAL NO.,MO,237401847,501
0,5344,5691,"M.C. DEAN, INC. EMPLOYEE BENEFITS PLAN",VA,540831614,501
0,5341,5624,TEAMSTERS RETIREE TRUST,CA,686097704,501
0,5259,5376,IUOE LOCAL 399 HEALTH AND WELFARE TRUST,IL,366198426,501
0,4975,5517,CENTRAL STATES JOINT BOARD HEALTH AND WELFARE TRUST FUND,IL,362376645,501
0,4957,4968,NATIONAL EMPLOYEES HEALTH PLAN,MI,386440898,501
0,4913,5110,SEIU HEALTH AND WELFARE FUND,DC,520904354,501
0,4612,4612,TEXAS PIPE TRADES HEALTH BENEFIT PLAN,TX,751669421,501
0,4471,4617,SAN DIEGO ELECTRICAL HEALTH AND WELFARE PLAN,CA,956035916,501
0,4469,4613,TEAMSTERS LOCAL UNION NO. 727 HEALTH AND WELFARE P,IL,366069119,501
0,4420,4627,HERITAGE MEDICAL SYSTEMS WELFARE BENEFIT PLAN,CA,953930862,502
0,4114,4939,VOLUNTARY HOSPITALS HOUSE STAFF BENEFITS PLAN,NY,133029280,501
0,3978,4850,CENTRAL TEXAS HEALTH AND BENEFIT PLAN,NM,200400732,501
0,3879,4345,NATIONAL STABILIZATION AGREEMENT OF THE SHEET METAL INDUSTRY RETIREE RULES AND REGULATIONS,VA,521036457,565
0,3828,3902,AREA TEAMSTERS INSURANCE PLAN AND TRUST,IL,364250648,501
0,3750,4309,SHEET METAL WORKERS NATIONAL HEALTH FUND,TN,521466749,501
0,3583,3721,NOITU INSURANCE TRUST FUND,NY,111896570,501
0,3525,4586,IUPAT DISTRICT COUNCIL NO. 21 WELFARE FUND,PA,912036994,501
0,3511,3696,MOHAWK VALLEY HEALTH SYSTEM GROUP HEALTH PLAN,NY,223124162,501
0,3500,3595,SAN DIEGO UNITE - HERE HEALTH FUND,CA,951708883,501
0,3454,3779,SOUTHWEST MULTICRAFT HEALTH & WELFARE TRUST FUND,NM,856010752,501
0,3344,4091,MINNEAPOLIS RETAIL MEAT CUTTERS AND FOOD HANDLERS HEALTH & WELFARE FUND,MN,410905139,501
0,3331,3415,INDIANA TEAMSTERS HEALTH BENEFITS PLAN,IN,351074113,501
0,3263,3394,I. B. E. W. LOCAL UNION NO. 124 HEALTH AND WELFARE FUND,MO,440569165,501
0,3259,3302,SERVICE EMPLOYEES HEALTH AND WELFARE PLAN,WA,237122650,501
0,3197,10466,SOUTHERN DISTRICT UBC HEALTH TRUST,TN,746075997,501
0,3095,3321,LOCAL NO 4 SEIU HEALTH AND WELFARE FUND,IL,362418276,501
0,3074,3298,AMALGAMATED MEAT CUTTERS AND RETAIL FOOD STORE EMPLOYEES UNION LOCAL 342 HEALTH CARE FUND,NY,135626340,501
0,2951,3121,THE MASTER WELFARE BENEFIT PLAN FOR HEXCEL CORPORATION AND PARTICIPATING SUBSIDIARIES FKA CUSTOM BENEFIT PLAN,CT,941109521,514
0,2951,3033,UTAH-IDAHO TEAMSTERS SECURITY FUND,AZ,876122720,501
0,2940,3130,LOCAL NO. 863 WELFARE PLAN,NJ,221478216,501
0,2921,2923,"LAUNDRY, DRY CLEANING WORKERS & ALLIED INDUSTRIES HEALTH FUND, WORKERS UNITED",NY,135521921,501
0,2903,3043,WESTERN PENNSYLVANIA ELECTRICAL EMPLOYEES INSURANCE TRUST FUND,PA,256032106,501
0,2893,2999,INTERNATIONAL BROTHERHOOD OF ELECTRICAL WORKERS LOCAL 17 HEALTH & WELFARE FUND,MI,237080551,501
0,2890,2945,DISTRICT 1199J - NEW JERSEY HEALTH CARE EMPLOYERS - BENEFIT FUND,NJ,223143027,501
0,2855,2926,SOUTHERN CALIFORNIA PAINTING & DRYWALL INDUSTRIES HEALTH AND WELFARE TRUST FUND,CA,951731374,501
0,2849,2984,"SERVICE EMPOLYEES INTERNATIONAL UNION LOCAL 32BJ, DISTRICT 36 BUILDING OPERATORS WELFARE TRUST FUND",PA,236487259,501
0,2832,2838,ROONEY HOLDINGS INC.,OK,731237809,501
0,2786,6277,UTAH MANUFACTURERS ASSOCIATION HEALTH PLAN,UT,870187660,505
0,2786,2870,"UNITED WIRE, METAL & MACHINE H & W FD",NY,135608135,501
0,2762,2810,SOUTHEAST LABORERS HEALTH FUND,TN,237100845,501
0,2744,2747,32BJ NORTH HEALTH FUND,NY,131699839,501
0,2673,2702,UNITED CRAFTS BENEFITS FUND,NY,112252603,501
0,2656,2855,UNITED FOOD AND COMMERCIAL WORKERS WELFARE TRUST,WA,916049498,501
0,2649,2787,PIPE INDUSTRY HEALTH AND WELFARE FUND OF COLORADO,CO,840456274,501
0,2611,2695,TEAMSTERS SECURITY FUND FOR SOUTHERN NEVADA - HOTEL & CASINO WORKERS,NV,471237848,502
0,2581,2756,INTERNATIONAL BROTHERHOOD OF ELEC. WORKERS 683 HEALTH & WELFARE FUND,MO,316084152,501
0,2581,2621,UNITED BENEFIT FUND,NY,562423802,501
0,2523,2542,HAWAII LABORERS' HEALTH & WELFARE FUND,HI,996014749,501
0,2515,2855,SOUTH FLORIDA HOTEL & CULINARY EMPLOYEES WELFARE FUND,FL,592031804,501
0,2495,2723,ATLANTA PLUMBERS & STEAMFITTERS H&W FUND,FL,581261304,501
0,2469,2603,UNITEHERE NORTHWEST HEALTH TRUST FUND,WA,910590441,501
0,2448,2465,UNITED TEAMSTER FUND,NY,135549593,501
0,2436,2848,SAN MATEO HOTEL EMPLOYEES & RESTAURANT EMPLOYEES WELFARE FUND,CA,946081299,501
0,2405,2487,UNITED EMPLOYEES BENEFIT TRUST,WA,916061910,501
0,2361,2419,SEIU HEALTHCARE PENNSYLVANIA HEALTH & WELFARE PLAN,PA,251523430,501
0,2262,2377,CONSTRUCTION INDUSTRY AND LABORERS HEALTH AND WELFARE TRUST,NV,886002912,502
0,2220,2289,RHODE ISLAND LABORERS HEALTH FUND,RI,050368200,501
0,2204,2508,IBEW LOCAL UNION 306 SUPPLEMENTAL HEALTH BENEFIT F,OH,340308380,501
0,2183,2217,AGC - INTERNATIONAL UNION OF OPERATING ENGINEERS LOCAL 701 HEALTH & WELFARE TRUST FUND,WA,936022485,501
0,2148,2288,TEAMSTERS #261 AND EMPLOYERS WELFARE FUND,PA,251002501,501
0,2132,2659,MIDWEST MOTOR SUPPLY CO. EMPLOYEE DISABILITY PLAN,OH,314408759,505
0,2111,2317,"RETAIL, WHOLESALE & DEPARTMENT STORE INTERNATIONAL UNION AND INDUSTRY HEALTH AND BENEFIT FUND",AL,630708443,501
0,2094,2124,LOCAL 68 ENGINEERS UNION WELFARE PLAN,NJ,221550500,501
0,2092,2197,I.B.E.W. LOCAL 191 HEALTH AND WELFARE PLAN,WA,916037488,501
0,2070,2135,CENTRAL LABORERS' WELFARE FUND,IL,376058345,501
0,2049,2323,SOUTH BAY HOTEL EMPLOYEES RESTAURANT EMPLOYEES WELFARE FUND,WA,946080365,501
0,2034,2130,LOCAL 945 IB OF T WELFARE FUND,NJ,221644608,501
0,2008,2200,INLAND EMPIRE TEAMSTERS TRUST,WA,916068602,507
0,1998,2352,NATIONAL PRODUCTION WORKERS UNION INSURANCE TRUST FUND,IL,366108981,501
0,1990,3183,OREGON ESSENTIAL WORKFORCE HEALTH CARE FUND,OR,320674647,501
0,1984,2001,ELECTRICAL MEDICAL TRUST,TX,741621269,501
0,1967,1985,"PROFESSIONAL FIREFIGHTERS OF EASTERN MISSOURI, INTERNATIONAL ASSOCIATION OF FIREFIGHTERS LOCAL 26 HEALTH AND WELFARE TRUST FUND",MO,862878221,501
0,1955,2072,INLAND EMPIRE ELECTRICAL WORKERS HEALTH AND WELFARE PLAN,WA,916062784,501
0,1953,2336,THE ALLIANCE OF WESTERN NEW YORK BENEFIT FUND,NY,200225592,501
0,1918,1964,U.S.W.U. LOCAL 74 WELFARE FUND,NY,131912506,501
0,1872,1940,"ACORN ENGINEERING COMPANY, INC.",CA,951864304,501
0,1861,2255,PIPE FITTERS LOCAL UNION 211 WELFARE TRUST FUND,TX,746063911,501
0,1822,1832,NORTH CENTRAL ILLINOIS LABORERS HEALTH AND WELFARE,IL,300088171,501
0,1815,2073,HAWAII HEALTH & WELFARE TRUST FUND FOR OPERATING ENGINEERS,CA,946182984,501
0,1811,4216,LOCAL 426 HEALTH BENEFIT FUND,NY,871481071,501
0,1781,2051,SOUTHERN ILLINOIS ELECTRICAL RETIREE WELFARE PLAN,MO,431724421,501
0,1746,1762,LOCAL 802 MUSICIANS HEALTH FUND,NY,136198844,501
0,1740,1776,KENTUCKY LABORERS DISTRICT COUNCIL HEALTH AND WELFARE FUND,KY,237017526,501
0,1731,1764,UFCW COMPREHENSIVE BENEFITS TRUST,CA,822616834,502
0,1729,1990,ALASKA TEAMSTER EMPLOYER WELFARE TRUST,AK,916034674,501
0,1686,1749,ELECTRICAL INSURANCE TRUSTEES INSURANCE FUND FOR COMMUNICATION EMPLOYERS,IL,361033970,510
0,1670,1808,WAREHOUSE EMPLOYEES LOCAL NO. 570 TRUST PLAN,MD,526048847,501
0,1658,2243,DOCTORS COUNCIL BENEFIT PLAN,NY,133387038,501
0,1637,1750,"USW DISTRICT 10, LOCAL 286, HEALTH AND WELFARE FUND",PA,231661924,501
0,1630,1732,UNITED FEDERATION OF TEACHERS HEALTH CARE CHAPTER BENEFIT FUND,NY,136783346,501
0,1607,1697,LAUNDRY AND DRY CLEANING WORKERS LOCAL NO. 52 HEALTH AND WELFARE TRUST,CA,956537860,501
0,1575,1620,PLUMBERS LOCAL UNION NO. 68 WELFARE FUND,TX,901259351,501
0,1555,4192,ASSOCIATED GENERAL CONTRACTORS OF UTAH HEALTH PLAN,UT,870112641,505
0,1436,1532,SACRAMENTO AREA ELECTRICAL WORKERS HEALTH AND WELFARE TRUST FUND,CA,942773477,501
0,1435,1462,CHICAGO AREA IB OF T HEALTH AND WELFARE PLAN,IL,362187389,501
0,1399,1624,SERVICE EMPLOYEES INTERNATIONAL UNION LOCAL 49 WELFARE TRUST,OR,936025789,501
0,1363,1385,PLUMBING AND PIPEFITTING INDUSTRY HEALTH AND WELFARE FUND OF KANSAS,IL,486127146,501
0,1355,1359,ROCHESTER AREA CONSTRUCTION AND MATERIALS HEALTH A,NY,160962644,501
0,1313,1322,LOCAL 259 UAW SOCIAL SECURITY DEPT.,NJ,136115078,501
0,1300,1618,MIDWEST MOTOR SUPPLY CO. EMPLOYEE MEDICAL PLAN,OH,314408759,504
0,1298,1356,TEAMSTERS LOCAL 170 HEALTH AND WELFARE FUND,MA,042219623,501
0,1286,1356,SOUTHWEST LABORERS' HEALTH AND WELFARE PLAN,TN,746104544,501
0,1278,1290,FLORIDA LABORERS HEALTH FUND,TN,596369928,501
0,1271,1283,UA LOCAL 190 HEALTH & WELFARE PLAN,MI,386065578,501
0,1266,1315,IBEW LOCAL 456 SUPPLEMENTAL WELFARE,NJ,200500732,502
0,1266,1315,I.B.E.W. LOCAL 456 HEALTH & WELFARE PLAN,NJ,222317253,501
0,1247,1247,LOCAL 306 THEATRICAL EMPLOYEES HEALTH FUND,CA,136174165,501
0,1233,1273,CEMSTONE COMPANIES HEALTH AND BENEFIT PLAN,MN,410182850,555
0,1224,1353,MAN-U SERVICE CONTRACT TRUST FUND,MD,541008444,501
0,1218,1272,ARIZONA SHEET METAL TRADE TRUST FUND,AZ,866025729,501
0,1218,1260,VISIONARY SCHOOLS BENEFITS PLAN,IL,476908131,501
0,1216,1216,LOCAL UNION NO. 9 I.B.E.W. AND OUTSIDE CONTRACTORS HEALTH & WELFARE,IL,362261990,501
0,1213,1278,BRICKLAYERS AND ALLIED CRAFTWORKERS LOCAL 1 OF PA/DE HEALTH AND WELFARE FUND,PA,232892285,501
0,1203,1219,BOARD OF TRUSTEE ISC OF PLASTERERS & CEMENT MASONS HEALTH & WELFARE FUND,IN,356073275,501
0,1189,1203,SDC-LEAGUE HEALTH FUND,NY,132958267,502
0,1186,1191,PLUMBERS & STEAMFITTERS LOCAL 81 INSURANCE FUND,NY,156025166,501
0,1183,1565,LABORERS DISTRICT COUNCIL HEALTH & WELFARE TRUST FUND NO. 2,MD,520228954,501
0,1182,1329,CONTINENTAL CARS PREMIUM CONVERSION PLAN,TX,742003995,501
0,1182,1240,CEMENT MASONS INSTITUTE LOCAL 502 WELFARE TRUST FUND,IL,510191061,501
0,1171,1315,PLUMBERS AND PIPEFITTERS LOCAL UNION 344 HEALTH AND WELFARE PLAN,OK,730950060,501
0,1153,1847,ANDERSON COLUMBIA CO INC AND AFFILIATES FLEXIBLE BENEFITS PLAN,FL,592871935,501
0,1147,1159,TEAMSTERS LOCAL 294 ALBANY AREA TRUCKING & ALLIED INDUSTRIES HEALTH & WELFARE FUND,NY,141582160,501
0,1076,1121,LOS ANGELES MACHINIST BENEFIT TRUST,CA,952755074,501
0,1073,1182,TEAMSTERS INDUSTRIAL EMPLOYEES WELFARE FUND,NJ,226058341,501
0,1056,1284,LOCAL 274 HEALTH AND WELFARE FUND,NJ,231489866,501
0,1031,1064,"NEW YORK HOTEL TRADES COUNCIL & AFFILIATED LOCALS, STAFF INSURANCE FUND",NY,131531223,501
0,1019,1185,U.A.P.P. LOCAL UNION NO.142 WELFARE FUND,TX,746183181,501
0,1009,1153,BUILDING TRADES WELFARE BENEFIT FUND,NY,261140509,501
0,1000,1112,NATIONAL ROOFERS UNION & EMPLOYERS JOINT HEALTH AND WELFARE FUND,MN,510210922,501
0,1000,1037,IRON WORKERS DISTRICT COUNCIL OF TN VALLEY & VICINITY WELFARE PLAN,TN,620588259,501
0,986,987,U.A. LOCAL UNION NO. 125 HEALTH AND WELFARE FUND,IA,426247352,501
0,969,1014,SPRINKLER FITTERS LOCAL UNION NO 483 HRA,CA,477064757,501
0,968,974,PLUMBERS & PIPEFITTERS LOCAL UNION NO. 630 WELFARE TRUST FUND,FL,596134296,501
0,965,1336,PLUMBERS AND PIPEFITTERS LOCAL NO. 421 HEALTH AND WELFARE FUND,FL,566085074,501
0,954,988,CHICAGO PAINTERS AND DECORATORS RETIREE WELFARE FU,IL,901034518,501
0,950,1097,IBEW LOCAL #915 HEALTH AND WELFARE FUND,TN,596169977,501
0,949,966,MCASF LOCAL 725 HEALTH AND WELFARE TRUST FUND,FL,596150964,501
0,944,997,NORTHERN CALIFORNIA SOFT DRINK INDUSTRY AND TEAMST HEALTH AND WELFARE TRUST FUND,CA,946330971,501
0,919,995,I.A.T.S.E. LOCAL 99 HEALTH TRUST,UT,876128478,501
0,907,1029,HEALTH AND WELFARE PLAN OF THE IDAHO PIPE TRADES TRUST,OR,826030679,501
0,893,910,IUPAT DISTRICT COUNCIL 11 HEALTH FUND,CT,060683942,501
0,889,996,SOUTHERN IL LABORERS & EMPLOYERS HEALTH & WELFARE,IL,371037101,501
0,857,877,"CHAUFFEURS, TEAMSTERS & HELPERS LOCAL 301 HEALTH & WELFARE FUND LIFE, ACCIDENTAL DEATH & DISMEMBERMEN T, VISION CARE, HEALTH PLAN & DENTAL P",IL,366125658,501
0,851,868,KERN COUNTY ELECTRICAL WORKERS HEALTH AND WELFARE FUND,CA,956053542,501
0,846,856,MULTI-UNION SECURITY TRUST FUND,CA,931146155,501
0,843,852,ST. LOUIS LABOR HEALTHCARE NETWORK,MO,800346232,501
0,840,983,ELECTRICAL WORKERS HEALTH & WELFARE TRUST FOR NORTHERN NEVADA,NV,886004496,501
0,836,908,I.B.E.W. LOCAL 728 FAMILY HEALTHCARE PLAN,FL,596134297,501
0,808,813,FLORIDA EAST COAST RAILWAY CORPORATION HEALTH AND WELFARE BENEFIT PLAN,FL,596001115,501
0,802,872,US HEALTH & WELLBEING LLC HEALTH & WELFARE BENEFIT PLAN,CA,883347947,501
0,802,803,"SOUTHERN CALIFORNIA GLAZIERS, ARCHITECTURAL METAL AND GLASS WORKERS HEALTH AND WELFARE FUND",CA,953040229,501
0,799,857,GREATER METROPOLITAN HOTEL EMPLOYERS EMPLOYEES HEALTH & WELFARE FUND,MN,410737593,501
0,791,834,LABORERS INTL UNION OF N.A. LOCAL 1822 HEALTH CARE FUND,NY,166192220,501
0,788,818,LOCAL 57 I.U.O.E. HEALTH & WELFARE FUND,RI,050269242,501
0,778,794,FIVE POINTS BENEFIT PLANS LLC,TX,824143927,501
0,777,1457,IPM HEALTH & WELFARE TRUST OF CALIFORNIA,CA,956289239,501
0,760,834,ALLIED SERVICES DIVISION WELFARE FUND,IL,591283066,501
0,752,1021,"U.A. LOCAL 350 HEALTH, WELFARE, AND VACATION PLAN",NV,886003301,501
0,749,905,SHEET METAL WORKERS LOCAL 98 WELFARE FUND,WV,314397633,501
0,731,900,LABORERS LOCAL UNION NO. 158 HEALTH AND WELFARE PLAN,PA,231608209,501
0,729,1057,NWA-ECH HEALTH PLAN,IN,886131798,501
0,726,738,PLAN BIENESTAR UTM PRSSA,PR,660202379,501
0,725,829,SPECIAL & SUPERIOR OFFICERS BENEVOLENT ASSOCIATION WELFARE FUND,NY,112548572,501
0,717,750,MOTION PICTURE LABORATORY TECHS AND FILM EDITORS LOCAL 780 WELFARE FUND,FL,366600211,501
0,715,797,PLUMBERS & PIPEFITTERS LOCAL 162 HEALTH & INSURANCE FUND,OH,316171908,501
0,705,785,NECA-IBEW LOCAL 480 HEALTH-WELFARE PLAN,MS,510204433,501
0,705,783,CONTRACTORS LABORERS TEAMSTERS & ENGINEERS HEALTH & WELFARE PLAN,NE,470469477,501
0,702,771,IATSE LOCAL NO 6 HEALTH AND WELFARE FUND,WI,430791005,501
0,698,701,THE NATIONAL EDUCATION ASSOCIATION AND AFFILIATE RETIREE HEALTH PLAN,DC,530115260,513
0,690,711,IBEW NO 271 NECA HEALTH & BENEFIT FUND,KS,200520351,501
0,687,707,NEW ORLEANS ELECTRICAL HEALTH PLAN,TN,720457387,501
0,673,766,SOUTHEASTERN PIPETRADES HEALTH & WELFARE FUND,TN,581903188,501
0,665,680,NATIONAL AUTOMATIC SPRINKLER METAL TRADES WELFARE PLAN,MD,237351551,501
0,662,700,SHEET METAL WORKERS LOCAL NO.177 HEALTH & WELFARE FUND,TN,626109214,501
0,658,727,TEAMSTERS WELFARE FUND OF NORTHERN NEW JERSEY LOCAL 723,NJ,221736275,501
0,648,676,DRYWALL TAPERS INSURANCE FUND,NY,133562352,501
0,647,764,LOCAL UNION 598 PLUMBING & PIPEFITTING INDUSTRY HEALTH AND WELFARE PLAN,OR,910973983,501
0,640,683,DISTRICT COUNCIL 37 LOCAL 95 HEAD START EMPLOYEES WELFARE FUND,NY,133819669,501
0,632,727,MOTION PICTURE STUDIO MECHANICS LOCAL 476 HEALTH AND WELFARE PLAN,IL,366602783,501
0,631,727,BONIPAK PRODUCE HEALTH AND WELFARE PLAN,CA,950561546,501
0,621,654,GROUP INSURANCE PLAN FOR THE PHPA/ECHL HEALTH AND WELFARE TRUST,,980363136,501
0,621,621,DISTRICT COUNCIL 37 LOCAL 389 HOME CARE EMPLOYEES HEALTH AND WELFARE FUND,NY,133505523,501
0,617,622,"WELFARE PLAN OF THE I.U.O.E. LOCALS 137,137A,137B, 137C, AND 137R AFL-CIO",NY,131739714,501
0,616,650,UFCW LOCAL 1625 AND EMPLOYERS HEALTH & WELFARE FUN,FL,756232408,501
0,613,625,BAKERY DRIVERS LOCAL 802 WELFARE FUND,NY,516112573,501
0,607,880,VORTEX COMPANIES,TX,364879397,501
0,605,610,TEAMSTERS SANITATION INDUSTRY TRUST FUND,CA,466785860,501
0,595,649,NEW YORK STATE TEAMSTERS COUNCIL UNITED PARCEL SER RETIREE HEALTH FUND,NY,464111565,501
0,591,629,"EXCELSIOR ORTHOPAEDICS, LLP EMPLOYEE WELFARE BENEFIT PLAN",NY,161608040,501
0,590,616,MISCELLANEOUS WAREHOUSEMEN'S LOCAL 781 HEALTH AND WELFARE FUND,IL,366117757,501
0,589,666,"IUOE LOCAL 295-295B,C,D WELFARE FUND",NY,111964991,501
0,586,592,IUOE LOCAL 487 HEALTH & WELFARE TRUST FUND,MD,596231991,501
0,585,611,GRANITE GROUP INSURANCE TRUST,VT,030210827,501
0,583,635,MICHIGAN STATE PAINTERS INSURANCE FUND,MI,237319169,501
0,573,760,PLUMBERS AND PIPEFITTERS LOCAL 430 H&W FUND,OK,730776131,501
0,569,1164,INTERNATIONAL BROTHERHOOD OF ELECTRICAL WORKERS IBEW 98 SOUND & COMMUNICATION WORKERS HEALTH & WELFARE FUND,PA,232959495,501
0,568,942,IRON WORKERS REGIONAL HEALTH AND WELFARE PLAN,IL,362234288,501
0,567,572,MICHIGAN TROWEL TRADES HEALTH AND WELFARE FUND,MI,386238055,501
0,564,638,AVMA TRUST ASSOCIATION HEALTH PLAN,IL,842685033,501
0,564,609,ILWU LOCAL 142 GENERAL HEALTH & WELFARE PLAN,HI,270456048,501
0,561,973,"ELDERCARE MANAGEMENT SERVICES, INC. HEALTH AND WELFARE PLAN",MO,431851748,501
0,553,629,THE TILE INDUSTRY HEALTH & WELFARE FUND,CA,951734798,501
0,547,573,OKLAHOMA OPERATING ENGINEERS WELFARE PLAN,OK,730790052,501
0,546,587,PLUMBERS & PIPEFITTERS LOCAL 123 WELFARE FUND,FL,596134275,501
0,545,623,LOCAL 514 HEALTH AND WELFARE FUND,NY,467325928,501
0,525,533,FIVE RIVERS CARPENTERS DISTRICT COUNCIL HEALTH & WELFARE FUND,IA,426149936,501
0,516,543,IAFF LOCAL 726 HEALTH AND WELFARE TRUST PLAN,WA,464261390,501
0,516,535,SEIU-USWW AND SAN DIEGO COUNTRY EMPLOYERS TRUST FU,CA,680496395,501
0,505,521,THEATRICAL STAGE EMPLOYEES HEALTH & WELFARE TRUST,WA,910853746,501
0,500,766,UNITED EMPLOYEES HEALTH PLANS,NY,203244794,501
0,486,629,CLEAR STREET HEALTH AND WELFARE PLAN,NY,364862498,501
0,478,484,LOCAL UNION 1710 IBEW WELFARE FUND,CA,956064203,501
0,476,499,CARPENTERS LOCAL UNION NO 491 HEALTH AND WELFARE PLAN,MD,521252611,501
0,470,556,UNITED WORKERS HEALTH FUND,NY,841655234,621
0,470,482,FONDO DEL PLAN DE BIENESTAR DE LA UNION DE CARPINTEROS,PR,660225596,501
0,466,466,"LOCAL 947 HEALTH AND WELFARE FUND 3 MAIN STREET KINGS PARK, NY 11754",NY,134191811,501
0,464,507,BARGAINING ASSOC-STEELWORKERS LOCAL 14614 HEALTH & WELFARE FUND,KY,556064846,501
0,464,470,"THE HEALTH & WELFARE PLAN FOR HAWAIIAN PROPERTIES, LTD- AOAO",HI,990160250,502
0,461,534,IBEW-NECA LOCAL 505 HEALTH & WELFARE PLAN,AL,630366157,502
0,461,477,MASSACHUSETTS EMPLOYERS/SEIU LOCAL 888 HEALTH AND WELFARE PLAN,MA,043240891,501
0,454,495,SHEET METAL WORKERS LOCAL 46 HEALTH FUND,NY,160760551,501
0,453,458,BRICK MASONS HEALTH AND WELFARE TRUST FUND,CA,956041102,501
0,449,459,TIDEWATER ELECTRICAL INDUSTRY HEALTH FUND,VA,546052370,501
0,448,459,THE HOPE SCHOOL WELFARE PLAN,IL,384026126,501
0,444,592,SEATTLE HOCKEY PARTNERS AND AFFILIATES LIFE PLAN,WA,822629917,504
0,444,461,CEDAR RAPIDS SHEET METAL WORKERS LOCAL 263 HEALTH & WELFARE FUND,IA,426498548,501
0,443,463,IBEW LOCAL 508 HEALTH PLAN,GA,237030261,501
0,442,458,SOUTHERN CALIFORNIA PLASTERING INSTITUTE GROUP BENEFIT TRUST FUND,CA,951917053,501
0,439,493,LOCAL 298 HEALTH BENEFIT FUND II,NY,111955915,501
0,438,438,FIDELIS HOLDINGS LLC,MI,873289606,501
0,433,448,ELECTRICAL CONSTRUCTION INDUSTRY PREFUNDING CREDIT REIMBURSEMENT PROGRAM,WI,391291995,502
0,432,817,UTAH RETAIL MERCHANTS ASSOCIATION,UT,870265625,501
0,425,677,AMALGAMATED TRANSIT WORKERS LOCAL 854 HEALTH BENEFIT FUND,NY,850774549,501
0,422,434,BCTGM ATLANTIC HEALTH AND WELFARE FUND,NY,135616752,501
0,416,485,SHEET METAL WORKERS LOCAL UNION NO. 4 HEALTH AND WELFARE PLAN,TN,620676288,501
0,415,446,UNITE HERE LOCAL 74 WELFARE AND DENTAL TRUST,MO,430682781,501
0,407,479,CTI V.E.B.A. PLAN TRUST,AZ,742403237,501
0,407,410,MORITZ PARTNERS LP HEALTH PLAN,TX,752336592,505
0,405,419,MONTROSE AUTO GROUP HEALTH PLAN,OH,592738546,501
0,401,444,REFINED TECHNOLOGIES INC HEALTH AND WELFARE PLAN,TX,481245119,501
0,399,657,ASBESTOS WORKERS LOCAL 18 RETIRED EMPLOYEES SEPARATE ACCOUNT TRUST FUND,IN,351906643,501
0,389,439,M.S.S.A. - I.L.A. WELFARE PLAN,AL,630381144,501
0,384,407,CALIFORNIA EMPLOYERS HEALTHCARE ALLIANCE TRUST,CA,276204864,501
0,384,401,LABORERS' LOCAL 157 HEALTH BENEFITS FUND,NY,141437195,501
0,380,442,"VECTOR FORCE DEVELOPMENT, LLC GROUP BENEFIT PLAN",IL,821789815,501
0,378,378,TEAMSTERS LOCAL NO. 377 HEALTH & WELFARE FUND,OH,340755508,501
0,372,419,APARTMENT EMPLOYEES' WELFARE FUND,CA,946069860,501
0,368,423,LABORERS LOCAL 231 HEALTH & WELFARE PLAN,IL,376031467,501
0,368,400,ELECTRICIANS HEALTH AND WELFARE PLAN IBEW 995,LA,726029075,501
0,355,362,IRON WORKERS LOCAL UNION 401 SUPPLEMENTAL WELFARE,PA,223867031,502
0,351,584,UTAH TRUCKING ASSOCIATION,UT,870187720,505
0,350,350,WINE AND LIQUOR SALESMEN OF NJ WELFARE PLAN,NY,221522177,501
0,350,350,BERT OGDEN MCALLEN MOTORS HEALTH AND WELFARE PLAN,TX,742569034,501
0,340,340,TEAMSTERS LOCAL 1164 HEALTH & WELFARE BENEFIT PLAN,OH,346529411,501
0,338,348,MILWAUKEE HOTEL INDUSTRY HEALTH & WELFARE FUND,WI,396075836,501
0,338,345,PAINTERS LOCAL 802 HEALTH & WELFARE FUND,WI,396078181,501
0,333,525,SPECIALTIES AND PAPER PRODUCTS LOCAL UNION 527 HEALTH AND WELFARE FUND,GA,581164035,501
0,319,344,JEWISH FEDERATION COUNCIL OF GREATER LOS ANGELES WELFARE BENEFITS PLAN,CA,951643388,504
0,314,333,PUGET SOUND BENEFITS TRUST,WA,916028312,501
0,314,332,ELECTRICAL INSURANCE TRUSTEES INSURANCE FUND FOR OTHER PARTICIPATING EMPLOYERS,IL,361033970,502
0,309,338,HAWAII GLAZIERS RETIREE HEALTH REIMBURSEMENT FUND,CA,320463348,501
0,309,335,SEATTLE HOCKEY PARTNERS AND AFFILIATES,WA,822629917,501
0,307,320,PLUMBERS AND PIPEFITTERS LOCAL 104 H & W,MA,042746378,501
0,305,325,WAREHOUSE EMPLOYEES UNION LOCAL 169 AND CONTRIBUTING EMPLOYERS HEALTH & WELFARE FUND,PA,237215201,501
0,303,317,PARI-MUTUEL EMPLOYEES GUILD OF CA LOCAL 280 HEALTH & WELFARE TRUST,CA,942876118,501
0,300,310,PRODUCTION INDUSTRIAL TECH TEXTILE & PROF. EMP. UNION LOCAL 124 WELFARE FUND,NY,112691482,501
0,299,311,ELECTRICAL WORKERS IBEW LOCAL NO. 163 HEALTH AND WELFARE FUND,NJ,236390518,501
0,297,306,UNITED PRODUCTION WORKERS UNION LOCAL 17-18 WELFARE FUND,NY,237456226,501
0,295,324,HAWAII TAPERS HEALTH AND WELFARE PLAN,HI,990213908,501
0,295,316,THE GERKEN COMPANY & SUBSIDIARIES,OH,311145886,501
0,295,309,CHESTNUT PETROLEUM DIST.,NY,141789595,501
0,292,336,BONDED LIGHTNING PROTECTION SYSTEMS,TX,752851023,501
0,291,323,SHEET METAL WORKERS LOCAL 270 WELFARE FUND,OK,736098088,501
0,287,287,I.A.T.S.E. ATLANTA HEALTH & WELFARE FUND,TN,582002528,501
0,279,287,MC-UA LOCAL 119 HEALTH & WELFARE PLAN,AL,636053187,501
0,279,281,PSEG SERVICES CORPORATION BENEFITS 2000 HEALTH AND WELFARE PLAN FOR REPRESENTED EMPLOYEES,NJ,223690428,549
0,277,318,"MODULAR ASSEMBLY INNOVATIONS, LLC HEALTH & WELFARE PLAN",OH,202003875,501
0,276,299,IAMAW DISTRICT NO. 15 NEW ENGLAND AREA HEALTH AND,NJ,020351951,501
0,271,323,WISCONSIN UFCW UNIONS AND EMPLOYERS HEALTH PLAN,WI,390979166,501
0,271,285,BAKERY DRIVERS' WELFARE FUND,PA,251004658,501
0,263,300,XCEL HOLDINGS LLC MEDICAL/LIMITED FSA,MD,421769268,550
0,262,271,STEELWORKERS UNION LOCAL 1660-01 HEALTH PLAN,PA,826144706,501
0,261,396,HTS TEXAS HEALTH AND WELFARE BENEFITS,TX,760653510,503
0,255,302,SHEET METAL WORKERS LOCAL UNION NO. 32 HEALTH & WELFARE FUND,FL,656088549,501
0,248,263,ACCELERATION LLC,CA,823270559,501
0,246,332,HTS TEXAS MEDICAL BENEFIT PLAN,TX,760653510,501
0,240,265,"ROCKET BALL, LTD HEALTH AND WELFARE PLAN",TX,760408054,501
0,238,340,IRON WORKERS DISTRICT COUNCIL OF WESTERN NEW YORK AND VICINITY WELFARE FUND,NY,160776208,501
0,238,245,"NETGEAR, INC. HEALTH AND WELFARE PLAN",CA,770419172,501
0,238,238,SHEET METAL WORKERS LOCAL UNION NO 48 WELFARE FUND BOARD OF TRUSTEES OF THE SHEET METAL WORKERS LOCAL,AL,630713360,501
0,236,277,GRAPHIC COMMUNICATIONS UNION LOCALS 16-C & 235-M AND EMPLOYERS HEALTH & WELFARE PLAN,MO,431499628,501
0,233,251,LOCAL 108 HEALTH EXPENSE BENEFITS PLAN,NJ,221171648,501
0,232,232,"D&L SUPPLY MEDICAL, DENTAL AND VISION",UT,451632321,501
0,224,262,FINANCIAL ADVISORS NETWORK LTD,GA,466604828,501
0,218,223,"IGSA - RIGBY PRODUCE, INC.",ID,820432754,501
0,218,219,M.I.R.A.-G.M.P AND ALLIED WORKERS INSURANCE TRUST,OH,043194045,501
0,203,218,APPLE TREE PARTNERS PORTFOLIO COMPANIES HEALTH & WELFARE BENEFIT PLAN,MA,853368493,501
0,202,226,"SG BUSINESS SERVICES, LTD HEALTH & WELFARE PLAN",TX,760589794,501
0,201,212,I.A.T.S.E. LOCAL 30 HEALTH & WELFARE FUND,IN,351500522,501
0,198,250,"FLY ALLIANCE CHARTER, LLC. WELFARE BENEFIT PLAN",FL,842180876,501
0,195,205,UAW LOCAL 2179 HEALTH AND WELFARE PLAN,NY,113480435,501
0,195,200,FURNITURE AND INDUSTRIAL CARPENTERS HEALTH PLAN,CA,942621654,501
0,193,202,ROOFERS LOCAL 195 HEALTH & ACCIDENT FUND,NY,166148181,501
0,191,240,DENVER THEATRICAL STAGE EMPLOYEES' LU 7 H&W TRUST,CO,467508056,501
0,191,210,ROOFERS LOCAL NO. 9 HEALTH PLAN,CT,066061613,502
0,189,205,INLAND REFRIGERATION AND AIR CONDITIONING HEALTH AND WELFARE TRUST FUND,CA,956115404,501
0,189,197,PLUMBERS & PIPEFITTERS LOCAL 45 HEALTH & WELFARE TRUST FUND,MO,446012692,501
0,188,188,CARPET LINOLEUM AND SOFT TILE LOCAL UNION 1926 HEALTH AND WELFARE FUND,HI,237116870,501
0,186,191,PLUMBERS & PIPEFITTERS LOCAL UNION 719 WELFARE FUND,FL,596134289,501
0,185,192,"RADIOLOGY ASSOCIATES, PC HEALTH AND WELFARE PLAN",NE,470781808,501
0,183,183,DELTA INFORMATION SYSTEMS BENEFIT PLAN,PA,232044632,501
0,181,441,SOUTHWEST HEALTH BENEFITS FUND,TX,756012126,501
0,181,186,THE SPRINGS CO AND AFFILIATES HEALTH BENEFIT PLAN,SC,570145000,501
0,181,182,LPGA TOUR PLAYER HEALTH INSURANCE PLAN,FL,750055465,510
0,178,192,THE WNBA PLAYERS' WELFARE PLAN,NJ,133921549,501
0,175,189,RUKERT TERMINALS CORPORATION EMPLOYEE BENEFITS PLAN,MD,520468070,502
0,175,177,TEAMSTERS SECURITY FUND FOR S NEVADA LOCAL 14 NON-MEDICARE RETIREE PLAN,NV,880087294,502
0,173,178,LOUISIANA ELECTRICAL HEALTH FUND,TN,237174513,501
0,165,209,IRON WORKERS LOCAL 12 HEALTH INSURANCE FUND,CT,141512728,501
0,165,167,"STERNBERG, INC. GROUP HEALTH PLAN",IN,350911892,502
0,163,631,"PTCE, INC. WELFARE BENEFITS PLAN",WA,813468044,501
0,163,446,GREENBERG DENTAL ASSOCIATES LLC,FL,592960505,502
0,163,196,ROOFERS HEALTH AND WELFARE FUND OF CENTRAL CALIFORNIA,CA,911882299,501
0,160,160,"OSBORNE INC, HEALTH & WELFARE BENEFIT PLANS",OH,340677463,501
0,157,157,TEAM DAKS INC. MEDICAL PLAN,TX,460466035,501
0,150,174,"MACHINERY MOVERS, RIGGERS & MACH. ERECT. LOCAL 136 HEALTH AND WELFARE FUND",IL,363204740,501
0,147,155,LOCAL UNION NO. 704 I.B.E.W. HEALTH & WELFARE FUND,IL,237181744,501
0,145,206,HIGHLAND ARMS ENTERPRISES LLC HEALTH AND WELFARE BENEFIT PLAN,WA,870693322,501
0,145,168,MUSSELMAN HOTELS MEDICAL PLAN,KY,300408194,501
0,143,191,ILLICIT GARDENS HEALTH & WELFARE BENEFITS PLAN,MO,844644786,501
0,141,152,LOCAL NO. 840 I.B.E.W. GROUP INSURANCE PLAN,NY,331118241,503
0,140,170,METACYCLE LLC 3000 WELFARE BENEFIT PLAN,AR,873640560,501
0,140,142,PLUMBERS & STEAMFITTERS LOCAL 521 SUPPLEMENTAL HEALTH FUND,WV,261357279,501
0,139,147,PRESSMEN WELFARE FUND,MD,237092745,501
0,138,157,PLAN DE BIENESTAR DE LA UGT,PR,660268524,501
0,136,143,MATERIAL YARD WORKERS LOCAL 1175 WELFARE FUND,NY,135679400,501
0,133,178,LORENZO ENTERPRISES CORP EMPLOYEE WELFARE BENEFITS PLAN,FL,811311950,510
0,133,133,"SUPERIOR PAVING COMPANY, INC. HEALTH AND WELFARE BENEFITS PLAN",CA,201940280,501
0,132,150,INTERNATIONAL ASSOCIATION OF HEAT & FROST INSULATORS & ALLIED WORKERS LOCAL UNION NO.39 HEALTH AND WELFARE PLAN,NE,470438021,501
0,131,138,"HUGHES & COLEMAN, PLLC LIFE PLAN",KY,815200793,501
0,131,135,CUMBERLAND VALLEY NATIONAL BANK FLEXIBLE BENEFIT PLAN,KY,610262618,501
0,130,130,HEALTH PROFESSIONALS STAFF HEALTH AND WELFARE TRUST FUND,CA,856411484,501
0,128,131,"DEFIANCE STAMPING CO AD&D, LIFE, DENTAL, VISION, & STD PLAN",OH,270248503,501
0,125,126,IUOE LOCAL 542 SUPPLEMENTAL HEALTH AND WELFARE PLAN,PA,222539413,501
0,122,150,"EFMB HOLDINGS, LLC BENEFIT PLAN",TN,825107181,501
0,121,123,INSULATORS LOCAL NO. 53 WELFARE FUND,LA,720455641,501
0,118,119,"THERMAL WINDOWS, INC. BENEFIT PLAN",OK,731080732,505
0,116,125,"ADVANCED ENGINEERING SOLUTIONS, INC. EMPLOYEE BENEFIT PLAN",OH,311440708,501
0,113,131,R & L MANAGEMENT CO INC.,IL,363052368,501
0,111,114,BONDHUS CORPORATION LIFE AND DISABILITY INS,MN,410943206,501
0,109,110,LOCAL 489 PLUMBERS AND STEAMFITTERS HEALTH AND WELFARE PLAN,MD,521045309,501
0,105,123,INLAND TARP & COVER INC. WELFARE BENEFITS PLAN,WA,911504975,501
0,104,109,COMMUNICATIONS WORKERS LOCAL 1109 WELFARE FUND 1845 UTICA AVENUE BROOKLYN NY 11234,NY,226298153,501
0,100,208,"MICRON PRECISION, LLC. DBA KING MACHINE HEALTH AND WELFARE PLAN",NC,561892737,501
0,100,116,"MELODY LIVING ASSOCIATES-CO, L.L.C. - LIFE",OH,813926232,501
0,100,109,ALIGNED MANAGEMENT SERVICES HEALTH & WELFARE BENEFITS PLAN,NE,852789643,501
0,98,111,ROOFERS LOCAL UNION #210 JOINT HEALTH AND WELFARE PLAN,PA,256390935,501
0,91,101,IBEW LOCAL 812 HEALTH AND WELFARE FUND,NJ,232369223,501
0,89,101,HEALTH AND WELFARE FUND OF LOCAL UNION 73,OH,237111189,501
0,87,115,SUNRISE BOAT MARINA INC,FL,650530321,502
0,86,93,U. A. LOCAL NO. 355 HEALTH AND WELFARE PLAN,CA,943254224,505
0,86,93,I.A.T.S.E. LOCAL 504 HEALTH AND WELFARE TRUST FUND,CA,956100367,501
0,85,94,"WASHINGTON, D.C. CEMENT MASONS' WELFARE FUND",MD,526038505,501
0,81,86,LOCAL 147 CONSTRUCTION WORKERS WELFARE FUND,NJ,136101595,501
0,74,74,CW&CE IBEW 271 NECA HEALTH AND BENEFIT FUND,KS,856192301,503
0,65,67,ALABAMA VETERINARY MEDICAL ASSOCIATION HEALTH AND WELFARE TRUST PLAN,AL,936589011,501
0,65,65,UAW LOCAL 241 HEALTH AND WELFARE FUND,MN,464422414,501
0,56,58,LOCAL 6559 HEALTH BENEFITS FUND,NY,131985696,501
0,56,57,ROOFERS & WATERPROOFERS LOCAL 30 (WASHINGTON) WELFARE FUND,PA,550810153,501
0,53,55,LAUREN INTERNATIONAL LTD WELFARE BENEFIT PLAN,OH,341001315,502
0,51,69,MILWAUKEE THEATRICAL STAGE EMPLOYEES WELFARE FUND,WI,396076039,501
0,44,47,TEAMSTERS HEALTH AND WELFARE TRUST FOR SAN DIEGO,CA,956149459,501
0,43,45,ST. LOUIS DECORATORS WELFARE PLAN,MO,376779504,501
0,35,36,INTERNATIONAL LONGSHOREMEN'S ASSOCIATION LOCAL 815 WELFARE FUND,WI,391252881,502
0,27,31,ROOFERS AND SLATERS LOCAL 248 HEALTH AND WELFARE PLAN,MA,042172112,501
0,26,26,BEER WHOLESALERS ASSOC OF NJ GROUP LIFE & HOSP INS PLAN,NJ,223534909,501
0,21,22,NEW ENGLAND JOINT BOARD HEALTH & WELFARE FUND,MA,042274560,501
0,18,74,DISTRICT 6 HEALTH PLAN,NY,133449870,501
0,8,8,PROBUSGORMAN,,456577522,072
0,8,8,ASSURITY SFL EPIC WELFARE BENEFIT PLAN & TRUST,NE,381843471,504
0,6,6,PROBUSBRANDAUY18T23,,476431100,120
0,6,6,PROBTY25GORDON,,476438394,042
0,6,6,INTERNATIONAL LONGSHOREMAN ASSOCIATION LOCAL 3 WELFARE FUND,NY,136119210,501
0,4,4,PROBUS-7OAKSTRUCKIBT,,300045597,050
0,1,1,NYPTA HEALTH BENEFITS PLAN,NY,136203273,501
0,0,6998,MINOR LEAGUE BASEBALL PLAYERS HEALTH PLAN,NY,131665347,506
0,0,291,WELFARE PLAN 2025,NY,161510964,501
0,0,140,PLUMBERS & PIPEFITTERS LOCAL 693 HEALTH & WELFARE FUND,VT,036012626,501
0,0,42,HAWAII ELECTRICAL UTILITY WORKERS WELFARE FUND,HI,994008520,501
0,0,0,SUSQUEHANNA LABORERS COMBINED HEALTH AND WELFARE F,PA,236426910,501
0,0,0,SOUTH CENTRAL UFCW UNIONS AND EMPLOYERS HEALTH & WELFARE TRUST,TN,756232407,501
0,0,0,PROFESSIONAL AND COMMERCIAL TRADES HEALTH AND WELLNESS FUND,CA,680139450,501
0,0,0,PACIFIC STATES HEALTH AND WELFARE TRUST FUND,CA,943185371,501
0,0,0,NEW YORK STATE NURSES ASSOCIATION BENEFITS FUND BRIDGE TO MEDICARE HEALTH REIMBURSEMENT ARRANGEMENT PLAN,NY,237336001,502
0,0,0,MANAGEMENT-LABOR WELFARE FUND LOCAL 1730 ILA,NJ,136086162,501
0,0,0,INTERNATIONAL ALLIANCE OF THEATRICAL STAGE EMPLOYEES LOCAL 23 HEALTH & WELFARE PLAN,RI,264269448,501
0,0,0,"HEALTH AND WELFARE PLAN LOCAL NO 854, IBT",NY,111774226,501
0,0,0,HAWAII BOILERMAKERS HEALTH AND WELFARE FUND,HI,990111510,501
0,0,0,ARIZONA AUTOMOBILE DEALERS ASSOCIATION GROUP INSURANCE TRUST,AZ,860002064,501
